selection,gene,gene_short_name,scsketch_correlation,abs_scsketch_correlation,orientation_adjusted_scsketch_correlation,paga_dpt_correlation,same_direction_orientation_adjusted,scsketch_p_value,q_value
Selection 1,WBGene00016561,eri-6,0.8887650818128008,0.8887650818128008,0.8887650818128008,0.8761973026637243,True,3.0838632444288955e-213,9.692397154736061e-212
Selection 1,WBGene00007883,C33A12.4,0.8859786588181304,0.8859786588181304,0.8859786588181304,0.8485012479420942,True,4.3430784533076844e-210,1.1762484525196664e-184
Selection 1,WBGene00015354,snet-1,0.7842271956835284,0.7842271956835284,0.7842271956835284,0.8470884505270643,True,2.9946292970756455e-131,1.3859630535066464e-183
Selection 1,WBGene00007604,xbx-9,0.8412349177293611,0.8412349177293611,0.8412349177293611,0.841191548342155,True,1.570415964194203e-168,9.839095777559833e-179
Selection 1,WBGene00017326,dmd-5,-0.8579736664137962,0.8579736664137962,-0.8579736664137962,-0.8390724588263943,True,2.1853704620585024e-182,4.856795693546458e-177
Selection 1,WBGene00006063,sto-1,-0.7932417032083324,0.7932417032083324,-0.7932417032083324,-0.8364049973633958,True,2.3983413219392678e-136,6.522413661012938e-175
Selection 1,WBGene00010236,F58B4.3,0.7794984059597705,0.7794984059597705,0.7794984059597705,0.8333858798664888,True,1.1290608167006919e-128,1.5615012233320606e-172
Selection 1,WBGene00008840,F15A4.5,0.7735845564356314,0.7735845564356314,0.7735845564356314,0.8252243207221278,True,1.5351426389736794e-125,3.1108648883550327e-166
Selection 1,WBGene00022144,pghm-1,0.8102754808023326,0.8102754808023326,0.8102754808023326,0.8241925998193047,True,1.0433952063440148e-146,1.6839737141031936e-165
Selection 1,WBGene00010559,K04D7.6,0.7557440506865012,0.7557440506865012,0.7557440506865012,0.819865028358785,True,1.2275996186654069e-116,2.503905373836272e-162
Selection 1,WBGene00010575,flp-25,0.7443775569956793,0.7443775569956793,0.7443775569956793,0.8043143344770828,True,2.3456676493442636e-111,1.57472236566445e-151
Selection 1,WBGene00011289,R102.2,0.7449005075058687,0.7449005075058687,0.7449005075058687,0.799112090954413,True,1.3597840341827057e-111,3.848368603479947e-148
Selection 1,WBGene00012853,Y44A6D.2,0.7616871137923671,0.7616871137923671,0.7616871137923671,0.7795338480819174,True,1.6237249740724242e-119,3.1350029366077435e-136
Selection 1,WBGene00010239,F58B4.6,0.7257035002448528,0.7257035002448528,0.7257035002448528,0.7759199015216038,True,2.9088279640608456e-103,3.605079653982136e-134
Selection 1,WBGene00249817,F42G8.19,0.7500161080995398,0.7500161080995398,0.7500161080995398,0.7391842760979163,True,6.110906673623956e-114,4.940472217312793e-115
Selection 1,WBGene00009144,del-3,0.6768336774100199,0.6768336774100199,0.6768336774100199,0.7337376037062326,True,6.138776848481101e-85,1.7483235697416574e-112
Selection 1,WBGene00019040,fbxb-19,-0.7223185245688661,0.7223185245688661,-0.7223185245688661,-0.7324595034196252,True,7.233808963002741e-102,6.287952645686457e-112
Selection 1,WBGene00017236,F08B4.4,0.6946496166766121,0.6946496166766121,0.6946496166766121,0.7301167680643087,True,3.4287165490581293e-91,7.246446045353877e-111
Selection 1,WBGene00019324,K02F2.5,0.6842126994673352,0.6842126994673352,0.6842126994673352,0.7227433088639827,True,1.789071416084298e-87,1.412352721771292e-107
Selection 1,WBGene00017671,pgal-1,0.6728519772992972,0.6728519772992972,0.6728519772992972,0.7207920239041063,True,1.3354611149526185e-83,9.586614778886649e-107
Selection 1,WBGene00018213,F39H12.2,0.6476690617801657,0.6476690617801657,0.6476690617801657,0.6970262483735392,True,1.3255045827314562e-75,7.477891098221495e-97
Selection 1,WBGene00016016,C23G10.10,0.6432895569614502,0.6432895569614502,0.6432895569614502,0.6914584789664063,True,2.731846639532609e-74,1.0533007241044284e-94
Selection 1,WBGene00017150,EGAP5.1,0.6361733458957213,0.6361733458957213,0.6361733458957213,0.6892582322283637,True,3.360484947301992e-72,7.06767327410497e-94
Selection 1,WBGene00018352,fbxc-20,-0.774466322248665,0.774466322248665,-0.774466322248665,-0.6889593212616282,True,5.309041894318295e-126,8.968075036618479e-94
Selection 1,WBGene00019269,H41C03.2,0.6248412886016607,0.6248412886016607,0.6248412886016607,0.6793669619583653,True,5.536905850842622e-69,3.365737011675109e-90
Selection 2,WBGene00010647,K08C7.4,0.7166745099727477,0.7166745099727477,0.7166745099727477,0.8932927404957482,True,9.403434426701582e-158,0.0
Selection 2,WBGene00007883,C33A12.4,0.8356265479444619,0.8356265479444619,0.8356265479444619,0.8500408596203983,True,7.0809614267796e-261,0.0
Selection 2,WBGene00001898,his-24,-0.7970503380483802,0.7970503380483802,-0.7970503380483802,-0.8055932875683919,True,6.16372972694845e-220,8.513697087355258e-287
Selection 2,WBGene00011545,T06G6.3,0.6069166800363553,0.6069166800363553,0.6069166800363553,0.7913671714597567,True,2.862972788418923e-101,8.640368785453647e-270
Selection 2,WBGene00012616,dct-14,0.6202545212760455,0.6202545212760455,0.6202545212760455,0.7904593856734897,True,6.033543724095592e-107,7.856902881955765e-269
Selection 2,WBGene00249817,F42G8.19,0.6037113347379015,0.6037113347379015,0.6037113347379015,0.7728540890405382,True,6.040354755111985e-100,2.1694705483228756e-249
Selection 2,WBGene00021911,Y55B1BR.1,0.5876471782305159,0.5876471782305159,0.5876471782305159,0.7706558468406598,True,1.5725797214788793e-93,3.688296958400105e-247
Selection 2,WBGene00044387,C27A2.8,0.5817137593625114,0.5817137593625114,0.5817137593625114,0.7594729399332029,True,2.9957889875608764e-91,7.269597479615248e-236
Selection 2,WBGene00044020,ZK856.14,0.5984266307978833,0.5984266307978833,0.5984266307978833,0.7557274133822284,True,8.54636181338111e-98,3.1525888680670186e-232
Selection 2,WBGene00009529,F38B2.2,0.56487375959814,0.56487375959814,0.56487375959814,0.7478562463803734,True,4.9919263784337915e-85,9.214579674814592e-225
Selection 2,WBGene00004207,ptb-1,0.6236396365193242,0.6236396365193242,0.6236396365193242,0.7461719410319547,True,1.9769832974242594e-108,3.203202496802314e-223
Selection 2,WBGene00002253,lbp-1,-0.8198022695283009,0.8198022695283009,-0.8198022695283009,-0.7303115948403629,True,6.73992513498787e-243,4.2817129666729364e-209
Selection 2,WBGene00010236,F58B4.3,0.5557764333964569,0.5557764333964569,0.5557764333964569,0.7222657153325798,True,8.184885358036969e-82,2.3904090261384633e-202
Selection 2,WBGene00022295,cng-2,0.5792020144709612,0.5792020144709612,0.5792020144709612,0.7205330730451477,True,2.6766079572850358e-90,6.227599124663427e-201
Selection 2,WBGene00016397,maph-9,0.6115233071473402,0.6115233071473402,0.6115233071473402,0.712337864195208,True,3.3649023457567476e-103,2.5195780201918154e-194
Selection 2,WBGene00016016,C23G10.10,0.5197606543018988,0.5197606543018988,0.5197606543018988,0.6856434455215104,True,5.163366492786099e-70,2.8892022609968706e-174
Selection 2,WBGene00016088,clec-266,-0.7538295779659488,0.7538295779659488,-0.7538295779659488,-0.6832912299009801,True,1.7040964667726596e-183,1.2996797278603393e-172
Selection 2,WBGene00194689,Y38H6C.24,0.5198215035868353,0.5198215035868353,0.5198215035868353,0.6803618144581646,True,4.945086604086879e-70,1.4283985931484459e-170
Selection 2,WBGene00017985,neg-1,0.5707970164807449,0.5707970164807449,0.5707970164807449,0.6741229751987511,True,3.5547564705029085e-87,2.751041946175753e-166
Selection 2,WBGene00219421,Y66D12A.30,0.5128745847755597,0.5128745847755597,0.5128745847755597,0.6716704066079644,True,6.477988389306181e-68,1.1493804850632087e-164
Selection 2,WBGene00022144,pghm-1,0.4952012011376133,0.4952012011376133,0.4952012011376133,0.6528525876351918,True,9.606059296255256e-63,1.70500162615935e-152
Selection 2,WBGene00010864,xbx-3,0.4903222045715442,0.4903222045715442,0.4903222045715442,0.6514086026250068,True,2.277741105980041e-61,1.2957803185644585e-151
Selection 2,WBGene00012328,W07G1.1,0.4999552698076659,0.4999552698076659,0.4999552698076659,0.6411781094385709,True,4.180495011608094e-64,2.1736988626564725e-145
Selection 2,WBGene00044144,M153.4,0.4844751043541005,0.4844751043541005,0.4844751043541005,0.6368170075699768,True,9.46823482156e-60,8.001040721168784e-143
Selection 2,WBGene00012853,Y44A6D.2,0.4764222708077137,0.4764222708077137,0.4764222708077137,0.6331146615404665,True,1.4288089592373718e-57,1.0905744552801953e-140
Selection 3,WBGene00045386,C02B4.4,0.8423939794455813,0.8423939794455813,0.8423939794455813,0.9275404494903756,True,2.988899262016309e-131,3.841246875815756e-263
Selection 3,WBGene00007883,C33A12.4,0.8567820659020382,0.8567820659020382,0.8567820659020382,0.9083840444157375,True,1.9134912769816197e-140,3.3820152911169864e-233
Selection 3,WBGene00016114,flp-27,0.796130915478436,0.796130915478436,0.796130915478436,0.8778480046337275,True,5.326361772987942e-107,6.30100848722227e-197
Selection 3,WBGene00003890,osm-10,0.7776495410318249,0.7776495410318249,0.7776495410318249,0.8714685128554935,True,5.247063311353028e-99,1.2626450158966997e-190
Selection 3,WBGene00010848,M04B2.6,0.7748572582096437,0.7748572582096437,0.7748572582096437,0.8699394180313489,True,7.257147721965858e-98,3.1990641986684446e-189
Selection 3,WBGene00000468,ces-1,-0.8426169526859847,0.8426169526859847,-0.8426169526859847,-0.847569638015579,True,2.18859112765214e-131,1.5705497356823036e-169
Selection 3,WBGene00019324,K02F2.5,0.7535032561463731,0.7535032561463731,0.7535032561463731,0.8291617619602792,True,1.1830331549506477e-89,1.2517536443955837e-155
Selection 3,WBGene00017671,pgal-1,0.722529761166961,0.722529761166961,0.722529761166961,0.8139391635222686,True,3.9139240623687416e-79,2.2240308793871144e-145
Selection 3,WBGene00006063,sto-1,-0.6913021891157933,0.6913021891157933,-0.6913021891157933,-0.7984273045388549,True,6.918579834282859e-70,8.185585760346539e-136
Selection 3,WBGene00002085,ins-2,-0.8473933642588372,0.8473933642588372,-0.8473933642588372,-0.7965275408093532,True,2.449865606983222e-134,1.0109784258366576e-134
Selection 3,WBGene00249817,F42G8.19,0.7113451736001233,0.7113451736001233,0.7113451736001233,0.7840099526080343,True,1.1129900432086796e-75,1.2020482476098683e-127
Selection 3,WBGene00022144,pghm-1,0.7158217926270573,0.7158217926270573,0.7158217926270573,0.7763822365307957,True,4.8319767478149436e-77,1.2102224652779578e-123
Selection 3,WBGene00006985,zig-8,0.6747634131355175,0.6747634131355175,0.6747634131355175,0.7725737554188722,True,1.8844466507264434e-65,1.0208583414605377e-121
Selection 3,WBGene00001898,his-24,-0.7686386496892744,0.7686386496892744,-0.7686386496892744,-0.7646000556995586,True,2.2051857706824088e-95,9.831131860729264e-118
Selection 3,WBGene00004207,ptb-1,0.7016811948998747,0.7016811948998747,0.7016811948998747,0.7584164785487421,True,7.952038165997066e-73,9.9542087555702e-115
Selection 3,WBGene00009901,F49E12.8,0.6497329216610847,0.6497329216610847,0.6497329216610847,0.7448799931245762,True,2.9020294949679177e-59,1.8804792741970705e-108
Selection 3,WBGene00011289,R102.2,0.6701998022327849,0.6701998022327849,0.6701998022327849,0.7364310991337146,True,2.8086194262578204e-64,9.318591437112523e-105
Selection 3,WBGene00012853,Y44A6D.2,0.6830206133692848,0.6830206133692848,0.6830206133692848,0.720768436147239,True,1.2521471874678464e-67,2.934246630080394e-98
Selection 3,WBGene00194921,ZK742.7,0.6212801010545093,0.6212801010545093,0.6212801010545093,0.7094444115603961,True,6.642111153943489e-53,8.009922711584865e-94
Selection 3,WBGene00012382,ttr-16,0.6489890838078151,0.6489890838078151,0.6489890838078151,0.706522896233567,True,4.34173617420012e-59,9.564805667646498e-93
Selection 3,WBGene00005655,srr-4,0.6168564079774034,0.6168564079774034,0.6168564079774034,0.6965693678483214,True,5.661700869637833e-52,4.681119142613308e-89
Selection 3,WBGene00010239,F58B4.6,0.6143766559305498,0.6143766559305498,0.6143766559305498,0.674419370692235,True,1.8543217858439498e-51,2.225805480439375e-81
Selection 3,WBGene00004921,snt-1,0.5899557442139005,0.5899557442139005,0.5899557442139005,0.6720314665635937,True,1.2795178223567211e-46,1.3314122819395794e-80
Selection 3,WBGene00001854,hil-3,-0.6929824162320763,0.6929824162320763,-0.6929824162320763,-0.6626274868985069,True,2.3584509082490743e-70,1.449717630824985e-77
Selection 3,WBGene00006778,unc-42,0.6665947206653973,0.6665947206653973,0.6665947206653973,0.6391701447928526,True,2.2943397722182624e-63,1.9540129280143996e-70
