gene,gene_short_name,correlation,p-value,discovery_score
WBGene00007883,C33A12.4,0.8567820659020382,1.9134912769816197e-140,10
WBGene00045386,C02B4.4,0.8423939794455813,2.988899262016309e-131,9
WBGene00016114,flp-27,0.796130915478436,5.326361772987942e-107,8
WBGene00003890,osm-10,0.7776495410318249,5.247063311353028e-99,7
WBGene00010848,M04B2.6,0.7748572582096437,7.257147721965858e-98,7
WBGene00019324,K02F2.5,0.7535032561463731,1.1830331549506477e-89,6
WBGene00017671,pgal-1,0.722529761166961,3.9139240623687416e-79,6
WBGene00022144,pghm-1,0.7158217926270573,4.8319767478149436e-77,5
WBGene00249817,F42G8.19,0.7113451736001233,1.1129900432086798e-75,5
WBGene00004207,ptb-1,0.7016811948998747,7.952038165997065e-73,5
WBGene00012853,Y44A6D.2,0.6830206133692848,1.2521471874678463e-67,5
WBGene00006985,zig-8,0.6747634131355175,1.8844466507264434e-65,5
WBGene00011289,R102.2,0.6701998022327849,2.8086194262578204e-64,4
WBGene00006778,unc-42,0.6665947206653973,2.2943397722182626e-63,4
WBGene00009901,F49E12.8,0.6497329216610847,2.9020294949679177e-59,4
WBGene00012382,ttr-16,0.6489890838078151,4.34173617420012e-59,4
WBGene00194921,ZK742.7,0.6212801010545093,6.642111153943488e-53,4
WBGene00005655,srr-4,0.6168564079774034,5.661700869637833e-52,4
WBGene00010239,F58B4.6,0.6143766559305498,1.8543217858439498e-51,4
WBGene00001681,gpc-1,0.5912184432941329,7.360548268286779e-47,3
WBGene00004921,snt-1,0.5899557442139005,1.2795178223567213e-46,3
WBGene00001989,hot-4,0.5582603396978634,6.372103356616291e-41,3
WBGene00004944,sol-1,0.5544096953998362,2.853339193785984e-40,3
WBGene00009917,glb-18,0.5527503450085158,5.411453146207283e-40,3
WBGene00044701,AH9.6,0.5463870282629483,6.094452866853335e-39,3
WBGene00021804,Y53G8AM.4,0.5418878602813666,3.2734779137646706e-38,3
WBGene00003849,odr-2,0.5405231700172185,5.423575852014157e-38,3
WBGene00021254,Y22D7AL.16,0.5339299261090367,6.021111046757259e-37,2
WBGene00012989,Y48C3A.5,0.5333761686701746,7.3524658995613145e-37,2
WBGene00019988,R09F10.5,0.5300377269609629,2.4326422166874223e-36,2
WBGene00020854,T27C4.1,0.5295880101801128,2.8552078975282105e-36,2
WBGene00010592,K06A4.2,0.5218477450826966,4.3318705680940984e-35,2
WBGene00269432,ZC132.11,0.5085023492927961,4.0089097207543696e-33,2
WBGene00005246,srh-21,0.5080338373719764,4.6826484393140963e-33,2
WBGene00012016,inpp-1,0.5057770178262726,9.863047322000184e-33,2
WBGene00044144,M153.4,0.5027813113601478,2.628698833087977e-32,2
WBGene00009983,cut-2,0.4993023766717682,8.107482441026474e-32,2
WBGene00194909,F41E6.17,0.49915237087929193,8.508461733565711e-32,2
WBGene00022063,Y67D8B.4,0.4955867747968342,2.6615897772928217e-31,2
WBGene00022842,ZK994.6,0.49296501611950444,6.104158154622362e-31,2
WBGene00003642,nhr-52,0.4924239015972302,7.238362227281075e-31,2
WBGene00011545,T06G6.3,0.49093879708701743,1.1537138778840697e-30,2
WBGene00001374,exp-2,0.48949994163873356,1.8084556069672088e-30,2
WBGene00009799,lgc-47,0.4893910229371136,1.8708854921614583e-30,2
WBGene00011899,T21C12.3,0.487032552639032,3.889657803307175e-30,2
WBGene00001242,elo-4,0.48239357255175136,1.614246828154223e-29,2
WBGene00010864,xbx-3,0.47457890833519134,1.6904635827052877e-28,2
WBGene00021799,Y53G8AL.1,0.46830087254055436,1.0682040378748957e-27,2
WBGene00019150,H04J21.1,0.4658780572928731,2.1539546458772208e-27,2
WBGene00010236,F58B4.3,0.4655844441012171,2.3441365370461818e-27,2
WBGene00018213,F39H12.2,0.4621928588715321,6.1926753330974815e-27,2
WBGene00009144,del-3,0.45938809012843307,1.3716041962655185e-26,2
WBGene00007058,dmd-6,0.45772339714214394,2.1912682537251566e-26,2
WBGene00045247,F54H12.8,0.4571802475762151,2.5517630139393203e-26,2
WBGene00007751,C26G2.2,0.4569943777232849,2.6881181656467874e-26,2
WBGene00010693,K08H2.7,0.45637746619897784,3.1943768475078956e-26,2
WBGene00015901,nhr-158,0.4536657769224745,6.791682043037097e-26,2
WBGene00219421,Y66D12A.30,0.4530002501453921,8.164510820182819e-26,2
WBGene00013899,ZC443.4,0.4514730775626282,1.2437500980526563e-25,2
WBGene00017129,E04F6.10,0.44910206698329963,2.380790651894862e-25,2
WBGene00044238,C30H6.12,0.4449462316289016,7.339665206215966e-25,2
WBGene00001858,hil-7,0.443803785583308,9.975072139213687e-25,2
WBGene00016016,C23G10.10,0.44364510576597715,1.0408364881627286e-24,2
WBGene00010290,F58H1.7,0.44353870010472773,1.0709275661477676e-24,2
WBGene00002048,ida-1,0.4423967864633231,1.4531762637735817e-24,2
WBGene00021272,Y23H5B.1,0.44214993012195863,1.5520601262756895e-24,2
WBGene00007253,C01H6.3,0.4419128954950447,1.65325275150571e-24,2
WBGene00044922,Y43C5A.7,0.43967467012339045,2.99430852946526e-24,2
WBGene00011326,T01D3.1,0.43740305306418253,5.446919292131417e-24,2
WBGene00012779,cdkl-1,0.4347052735977591,1.1020956801080613e-23,2
WBGene00044009,ZK822.6,0.43103714935705706,2.844434010609174e-23,1
WBGene00003614,nhr-15,0.4175275815746344,8.469398790233499e-22,1
WBGene00235291,C01G5.25,0.4163362487523543,1.1341138076749202e-21,1
WBGene00011474,aldo-1,0.41416166469251786,1.9266991358867587e-21,1
WBGene00006067,sto-5,0.4133638253758702,2.3379565389268696e-21,1
WBGene00006669,twk-14,0.4110749107108314,4.061076602137447e-21,1
WBGene00000650,col-74,0.4097689577538503,5.5544102935611285e-21,1
WBGene00016982,C56G2.9,0.4093751572239727,6.102806001411354e-21,1
WBGene00016321,tppp-1,0.40718287789145147,1.0284494063087967e-20,1
WBGene00002243,lad-2,0.4052419104591297,1.6272699624979316e-20,1
WBGene00008746,F13E6.2,0.402718126253406,2.941891555964869e-20,1
WBGene00016397,maph-9,0.4018990413272939,3.5613813190948e-20,1
WBGene00005560,sri-48,0.4011976418843925,4.192792557333031e-20,1
WBGene00005542,sri-30,0.40038554490897904,5.0625048532040786e-20,1
WBGene00008484,E04D5.5,0.39875182122885267,7.385313702770861e-20,1
WBGene00005559,sri-47,0.3911969357293369,4.1213861442099125e-19,1
WBGene00003752,nlp-14,0.3898500508587123,5.573814187078034e-19,1
WBGene00008820,nlp-55,0.385794320772612,1.3718882879621753e-18,1
WBGene00009716,F44G4.7,0.3823414456182124,2.9246882832354548e-18,1
WBGene00012289,W05H12.1,0.381417477617018,3.575970859537707e-18,1
WBGene00012201,W02B12.1,0.3803052188842829,4.551282601162893e-18,1
WBGene00022522,ZC132.3,0.3794025576108845,5.5314808059500205e-18,1
WBGene00000224,atgp-1,0.3749923538772138,1.422091138677112e-17,1
WBGene00000491,che-12,0.3642422888693365,1.338460015291433e-16,1
WBGene00022412,Y102A11A.2,0.36171715061304727,2.239036935331588e-16,1
WBGene00003850,odr-3,0.361113456339251,2.530409356888169e-16,1
WBGene00016366,nhr-140,0.3597346454690168,3.342826935725764e-16,1
WBGene00020279,glb-25,0.35822491245410437,4.527380823107561e-16,1
WBGene00022817,upp-1,0.35809209156217225,4.649464090411185e-16,1
WBGene00007856,C31H5.5,0.3529532808200478,1.2893018252014482e-15,1
WBGene00010349,dyf-18,0.3529139097911848,1.2993233074131186e-15,1
WBGene00004370,rig-3,0.35273873791186716,1.3448465891872017e-15,1
WBGene00015053,B0222.1,0.3523835918706358,1.4419999035094325e-15,1
WBGene00005647,srp-6,0.34932118210751806,2.6217665238296624e-15,1
WBGene00019001,ipgm-1,0.34666245164766823,4.382384709275107e-15,1
WBGene00001787,gst-39,0.34288927088784116,9.009997729234224e-15,1
WBGene00014107,ZK856.6,0.34014903023142956,1.5114745172840045e-14,1
WBGene00003741,nlp-3,0.33929130319072504,1.7753000945010875e-14,1
WBGene00008865,F15G9.1,0.3387323177919481,1.9710179674757424e-14,1
WBGene00004924,snt-4,0.3385579331984535,2.036296114684594e-14,1
WBGene00015340,C02E7.7,0.33781849333670017,2.3374549564110717e-14,1
WBGene00010291,F58H10.1,0.33648806202253667,2.9930818854719913e-14,1
WBGene00007247,C01G12.7,0.33579417295715835,3.403416232773887e-14,1
WBGene00011355,lgc-14,0.33541882869007145,3.647861889336738e-14,1
WBGene00000277,cab-1,0.33473228085282697,4.140293692727451e-14,1
WBGene00006668,twk-13,0.33429422224845773,4.4879509097035597e-14,1
WBGene00045331,F14D7.12,0.33363859315668926,5.0623556020184136e-14,1
WBGene00008989,F20G2.6,0.32987022050801884,1.005933227224942e-13,1
WBGene00012100,sipa-1,0.329160476878088,1.1436078661881246e-13,1
WBGene00019663,K11H12.7,0.32858935662607236,1.267649877249862e-13,1
WBGene00010350,H01G02.3,0.3278487659408207,1.4482800901238055e-13,1
WBGene00019967,cyp-33C8,0.3216372596659058,4.3642841613688635e-13,1
WBGene00018637,F49E8.6,0.32147183453794925,4.492845291315025e-13,1
WBGene00000036,ace-2,0.3205044594258433,5.322287796250011e-13,1
WBGene00003404,mpz-1,0.3192055136297911,6.675418074290753e-13,1
WBGene00007176,kcnl-1,0.3172551681372641,9.360581403297246e-13,1
WBGene00010683,K08F8.7,0.3172172037043454,9.422154797950624e-13,1
WBGene00009774,F46B6.9,0.3148512225830159,1.4151667017893098e-12,1
WBGene00002141,inx-19,0.31133819065061463,2.571764849313872e-12,1
WBGene00000175,aqp-7,0.310485179056635,2.9696555966040847e-12,1
WBGene00015803,C15H9.9,0.3101189446996767,3.158402299140871e-12,1
WBGene00017991,clec-180,0.3101075571189664,3.1644552802011915e-12,1
WBGene00022518,zfh-2,0.30889768879129254,3.8764929597148965e-12,1
WBGene00009094,F23H12.5,0.3054776811271725,6.845592054697536e-12,1
WBGene00018297,F41F3.3,0.30355953012505366,9.386970742126824e-12,1
WBGene00011453,ugt-56,0.30349068755660424,9.493532483216292e-12,1
WBGene00003010,lin-24,0.3033139139314097,9.772602238097243e-12,1
WBGene00017597,F19C7.8,0.3024350653880928,1.1283361491824971e-11,1
WBGene00004131,pqn-44,0.30171186502608144,1.269558861928766e-11,1
WBGene00006055,ssr-2,0.3016693805155,1.2783713092349237e-11,1
WBGene00002991,lin-2,0.30110223149179216,1.4018916200974915e-11,1
WBGene00077536,F38B7.10,0.300896666954424,1.449478567691784e-11,1
WBGene00012372,W09H1.1,0.3004190512195719,1.566214443475341e-11,1
WBGene00000950,deg-1,0.29909822840148953,1.938910657859496e-11,1
WBGene00044387,C27A2.8,0.29902099484110806,1.9631980092117657e-11,1
WBGene00004267,rab-3,0.29586756352641885,3.2533375805358825e-11,1
WBGene00014101,gopc-1,0.2950990877126287,3.6760555715171525e-11,1
WBGene00016976,C56E10.3,0.29214369409205465,5.860560846886855e-11,1
WBGene00020190,guk-1,0.28979390541616834,8.459159392948129e-11,1
WBGene00044508,nsy-7,0.2890603897102163,9.479420732969797e-11,1
WBGene00017900,F28E10.1,0.2880623848058159,1.1062154122105348e-10,1
WBGene00014033,arrd-15,0.2875444685984093,1.1982175208007686e-10,1
WBGene00011869,dod-6,0.28746990250640914,1.2120627918749927e-10,1
WBGene00011073,R07A4.2,0.28703895830768483,1.2951861655560231e-10,1
WBGene00021396,cutl-24,0.2850498673903411,1.756552778140158e-10,1
WBGene00014068,nhr-255,0.28471437371064723,1.848749563693613e-10,1
WBGene00016237,C29H12.6,0.2830137226896339,2.393553479482176e-10,1
WBGene00005253,srh-30,0.27875552579218354,4.5349399455117016e-10,1
WBGene00022623,ZC487.1,0.2779914150718586,5.080107547689234e-10,1
WBGene00008040,ttr-5,0.27785538828288503,5.183625684836277e-10,1
WBGene00007604,xbx-9,0.27762888647861456,5.360566674680226e-10,1
WBGene00010647,K08C7.4,0.27676812677634033,6.088154895696162e-10,1
WBGene00017371,sre-39,0.2764997247437622,6.33406182495458e-10,1
WBGene00014067,ZK675.4,0.27623623086560334,6.584856358814847e-10,1
WBGene00020192,T03F1.11,0.2748943500558422,8.019556731871842e-10,1
WBGene00022617,ZC477.2,0.27456884924449776,8.410955733677523e-10,1
WBGene00001385,far-1,0.2737589780984491,9.467113358810226e-10,1
WBGene00020349,T08B2.11,0.27197400714967107,1.2270073317656786e-09,0
WBGene00008265,kcnl-4,0.27111406857248066,1.3893649592234968e-09,0
WBGene00019263,H35B03.1,0.271057053586779,1.4008378430234955e-09,0
WBGene00015741,C13F10.1,0.2707071547409202,1.4732889966333223e-09,0
WBGene00011060,R06C1.6,0.2706894423966913,1.477051788786463e-09,0
WBGene00010357,H03A11.2,0.2675604960135023,2.311164134593113e-09,0
WBGene00005251,srh-28,0.26577352341572485,2.9768424594245135e-09,0
WBGene00003166,mec-2,0.26575427880718977,2.9849376506613163e-09,0
WBGene00020039,R12E2.14,0.26505350269315614,3.294720675196909e-09,0
WBGene00002019,hsp-16.48,0.26096950016648474,5.824585273104301e-09,0
WBGene00017983,F32D1.3,0.26041469578859344,6.288627151680717e-09,0
WBGene00014175,ZK971.1,0.2601628623644552,6.5109070868037856e-09,0
WBGene00044020,ZK856.14,0.25993992409196803,6.714024840501659e-09,0
WBGene00020033,R12E2.7,0.2564499423858937,1.0819644181220438e-08,0
WBGene00003641,nhr-51,0.2564389871293448,1.0835742892885697e-08,0
WBGene00022389,pde-6,0.25626717565873186,1.1091275765534145e-08,0
WBGene00018413,cyp-33C4,0.2555382612022985,1.2241818562696189e-08,0
WBGene00003602,nhr-3,0.25472765204062425,1.3657118735260186e-08,0
WBGene00016945,sulp-1,0.25405781806138295,1.4945053746641523e-08,0
WBGene00009375,F34D10.6,0.2537284382017966,1.562076337477357e-08,0
WBGene00219300,W10G6.6,0.2536509458208012,1.5783982761476097e-08,0
WBGene00017326,dmd-5,0.2535249594709827,1.6052873828566002e-08,0
WBGene00000681,col-107,0.25252202955431746,1.8357478756960662e-08,0
WBGene00019023,F58A6.2,0.2525165952129807,1.8370798607593023e-08,0
WBGene00005701,sru-38,0.25136934061301774,2.1402523691131203e-08,0
WBGene00004053,tank-1,0.25097335655872427,2.255724859379998e-08,0
WBGene00009579,arrd-6,0.25090401117709443,2.2765574467451348e-08,0
WBGene00001459,flp-16,0.249210145859567,2.8472954303879474e-08,0
WBGene00008327,srz-44,0.24805294737761538,3.3143524896046994e-08,0
WBGene00012216,W02D9.10,0.2476110276221112,3.5115871280835286e-08,0
WBGene00013187,npr-34,0.2451986632509195,4.805086137880856e-08,0
WBGene00006801,unc-68,0.24457885918826536,5.205519343784601e-08,0
WBGene00022633,ZC581.3,0.24405728931707232,5.567299080992475e-08,0
WBGene00020242,phat-5,0.24117492807992258,8.048389555382799e-08,0
WBGene00017068,D2092.8,0.24065277681717065,8.599813716422261e-08,0
WBGene00011314,T01B7.9,0.24063335410936418,8.621013240925283e-08,0
WBGene00004912,sng-1,0.2399647803415609,9.382296290756884e-08,0
WBGene00022038,Y65B4BL.6,0.23987504647690275,9.489284597397061e-08,0
WBGene00004174,abu-14,0.23830385316545155,1.156484497792318e-07,0
WBGene00011873,T20G5.12,0.2375731692690798,1.2673224830824739e-07,0
WBGene00020997,gpa-18,0.23716438029286738,1.3337300947011064e-07,0
WBGene00017353,F10E9.1,0.23589498166322145,1.562026287565958e-07,0
WBGene00003563,ncs-1,0.23363286578466966,2.0654325842324408e-07,0
WBGene00006407,lim-9,0.23198150824429248,2.528143800605671e-07,0
WBGene00004345,rgs-2,0.23145981911756242,2.69401810463137e-07,0
WBGene00008407,D2023.3,0.2294995375961903,3.4160444697154353e-07,0
WBGene00002267,lec-4,0.22915628451495756,3.560299030745557e-07,0
WBGene00007553,C13G3.1,0.22908538559171782,3.5908166364971716e-07,0
WBGene00008018,tbc-8,0.22848844342144328,3.85793792543315e-07,0
WBGene00001587,ggr-2,0.22799947599036657,4.0908872328055843e-07,0
WBGene00001182,egl-13,0.22780112671187694,4.1891899745939945e-07,0
WBGene00020385,nhr-216,0.22742804313239273,4.3802816602550525e-07,0
WBGene00014233,ZK1128.7,0.22732350772328672,4.435310228847111e-07,0
WBGene00022615,ZC449.5,0.22622713542373935,5.05398099003535e-07,0
WBGene00016044,C24B5.1,0.22235886222746098,7.969788454631645e-07,0
WBGene00017858,F27C1.11,0.22088908469746488,9.455450214888681e-07,0
WBGene00044551,ZK105.8,0.2197770135153931,1.0752594337139783e-06,0
WBGene00011517,cgt-1,0.21909104869796425,1.1636092354783452e-06,0
WBGene00004300,ram-2,0.2181914251199643,1.2900768332188522e-06,0
WBGene00008555,F07C6.4,0.2180912344976004,1.3049508222074071e-06,0
WBGene00002272,lec-9,0.21744672785854788,1.4046372782457924e-06,0
WBGene00016099,C25E10.10,0.21703069158639432,1.4728199571180414e-06,0
WBGene00001788,gst-40,0.2169780126557289,1.4816762856949897e-06,0
WBGene00006583,tnc-2,0.21579600153160625,1.6943544482004503e-06,0
WBGene00008208,nhr-167,0.21574696815990338,1.7037805397280362e-06,0
WBGene00010468,K01D12.9,0.2156051681914487,1.7313234965655168e-06,0
WBGene00016093,srsx-34,0.2154087337388044,1.7701841635790432e-06,0
WBGene00195073,F02E11.7,0.21508378853661625,1.8363089595648972e-06,0
WBGene00015716,sox-4,0.214692189433978,1.9191435615216134e-06,0
WBGene00044232,C18D11.7,0.21442079477941728,1.978638271646745e-06,0
WBGene00013897,ZC443.2,0.21403571327267995,2.066094164155973e-06,0
WBGene00002189,kin-1,0.21354667869973842,2.1825028951526416e-06,0
WBGene00001135,eat-4,0.21180301246968528,2.650815626479733e-06,0
WBGene00008589,nlp-57,0.21167911994289404,2.6875176772564402e-06,0
WBGene00019732,M02D8.6,0.2116133974212579,2.707184233382547e-06,0
WBGene00014030,glb-1,0.21118685004931426,2.8382090496307523e-06,0
WBGene00015935,C17H12.10,0.21095625187167233,2.91154720102254e-06,0
WBGene00002018,hsp-16.41,0.2103037263128396,3.129023650930159e-06,0
WBGene00005240,srh-15,0.2098649701537253,3.2838966485052375e-06,0
WBGene00044386,C27A2.7,0.20918732172846152,3.537579930529911e-06,0
WBGene00013761,Y113G7B.11,0.20882127966143318,3.6822952296194808e-06,0
WBGene00008255,C51E3.10,0.20786201609845104,4.088872765015591e-06,0
WBGene00001753,gst-5,0.20746962892076348,4.26725121913819e-06,0
WBGene00003646,nhr-56,0.20691680973893528,4.53121767765387e-06,0
WBGene00022271,cpx-1,0.20620819172813426,4.89243691062789e-06,0
WBGene00019355,K03B4.4,0.20595058537441577,5.030441175045502e-06,0
WBGene00010982,flp-32,0.205555024207298,5.2496080666294725e-06,0
WBGene00020803,T25E4.1,0.20539126134570757,5.342985766223984e-06,0
WBGene00020138,T01B11.1,0.20524630801870045,5.426958981030287e-06,0
WBGene00003714,nhr-124,0.2039210704575176,6.2553453227658405e-06,0
WBGene00005032,sra-6,0.20367356052745036,6.422871941775393e-06,0
WBGene00012942,Y47D3B.6,0.2025318319109144,7.252610138442677e-06,0
WBGene00016168,C27F2.6,0.2022679205360801,7.458451502066487e-06,0
WBGene00008570,kcnl-2,0.20217741638778514,7.53031503246473e-06,0
WBGene00219317,F31E3.12,0.20203260703287232,7.646673469140365e-06,0
WBGene00077522,T10D4.15,0.20202101969281896,7.656057909594291e-06,0
WBGene00001448,flp-5,0.20200936502606248,7.665507949742792e-06,0
WBGene00020444,T12B3.1,0.2017337854264909,7.892224837498425e-06,0
WBGene00001763,gst-15,0.20127370673565917,8.285032194856542e-06,0
WBGene00017937,F30H5.3,0.20123521783008652,8.318724528771359e-06,0
WBGene00009982,F53F1.4,0.20060910248442845,8.885490441296763e-06,0
WBGene00016022,C23H3.9,0.2003072747419601,9.171670837724374e-06,0
WBGene00010074,irld-34,0.19998844896461873,9.483493173752835e-06,0
WBGene00007183,B0462.4,0.1998305385019389,9.64164850139554e-06,0
WBGene00001612,glr-1,0.19882868849879987,1.0705107493314224e-05,0
WBGene00001701,grd-12,0.19824524742503058,1.1374924927451001e-05,0
WBGene00022614,ZC449.4,0.19603499905916644,1.429220929457037e-05,0
WBGene00001665,gpa-3,0.19386652534486268,1.7836255876371096e-05,0
WBGene00077691,T06E4.14,0.19341511192008115,1.867228194693904e-05,0
WBGene00019840,R02F11.2,0.19295570926746722,1.9561227847360938e-05,0
WBGene00008522,F02D8.5,0.19230665827226956,2.0885856664512406e-05,0
WBGene00044353,ZK418.10,0.19176675051377867,2.2052165384980455e-05,0
WBGene00044588,ZK1236.9,0.1914866085872678,2.2681420235889878e-05,0
WBGene00022472,Y119C1B.6,0.19123777946538814,2.3254591216912783e-05,0
WBGene00009803,F47B8.2,0.19074360184768377,2.44339042749621e-05,0
WBGene00007044,cpna-5,0.19036907212348628,2.536523751911253e-05,0
WBGene00011423,ipla-7,0.18921644005834673,2.8447225557358687e-05,0
WBGene00003751,nlp-13,0.1883570896446896,3.0972481441173224e-05,0
WBGene00018312,F41H8.1,0.18811364938915417,3.172556964251033e-05,0
WBGene00007345,C05E7.3,0.18642440598196855,3.7449278580009043e-05,0
WBGene00016733,phat-2,0.18526728123082165,4.191985909499345e-05,0
WBGene00004926,snt-6,0.18515196169728915,4.239205869791494e-05,0
WBGene00006064,sto-2,0.18461703566179152,4.46489708286615e-05,0
WBGene00020237,phat-4,0.1844172050255651,4.5520861670370673e-05,0
WBGene00004831,slo-2,0.18441263269758518,4.5540998531839287e-05,0
WBGene00045336,R11D1.12,0.18338004876757255,5.0310727109017504e-05,0
WBGene00044316,F41G3.21,0.18048035136752724,6.635531626807757e-05,0
WBGene00000641,col-65,0.1800331053694844,6.922329569977914e-05,0
WBGene00018298,nlp-50,0.1798184052939487,7.064123025111578e-05,0
WBGene00002266,lec-3,0.17927601831068468,7.434626740440534e-05,0
WBGene00003695,nhr-105,0.1789774354284536,7.64633076057057e-05,0
WBGene00020149,T01D1.4,0.17808283037780326,8.315161551430451e-05,0
WBGene00018544,nhr-188,0.17725896799261529,8.979516005392151e-05,0
WBGene00006646,tsp-20,0.1771442509407405,9.075892645829279e-05,0
WBGene00018541,nhr-186,0.17711617486632517,9.099627971747463e-05,0
WBGene00003566,ncx-1,0.17650866787313568,9.6277511425287e-05,0
WBGene00007908,C34B4.3,0.1763242720310925,9.793674590424857e-05,0
WBGene00000893,cyn-17,0.17522056450064877,0.00010844448433876694,0
WBGene00000678,col-104,0.17519136231632346,0.00010873639656545978,0
WBGene00000286,cal-2,0.1749204866780371,0.00011147958219762473,0
WBGene00022664,ZK121.2,0.17314178536936764,0.00013117435833569227,0
WBGene00000239,bas-1,0.1701483886502933,0.00017186828405826057,0
WBGene00194689,Y38H6C.24,0.16860008198637413,0.00019730053982167935,0
WBGene00019055,F58F9.1,0.16693208485924296,0.00022861924859839827,0
WBGene00015678,mcp-1,0.16658102236731354,0.00023577782138203165,0
WBGene00001132,alp-1,0.16623558155194257,0.00024302598181646863,0
WBGene00044418,C08G5.7,0.1646517770620547,0.0002790057714225875,0
WBGene00044283,spp-22,0.16453539897904007,0.00028183684528255076,0
WBGene00015546,C06G1.2,0.16294585643310225,0.00032329025713102253,0
WBGene00022648,ZK54.3,0.1628520561784245,0.00032590602557655394,0
WBGene00004913,snn-1,0.16271895090293262,0.0003296517814376966,0
WBGene00003620,nhr-21,0.16062788774335618,0.00039402627809984395,0
WBGene00000653,col-77,0.1605533799661056,0.00039652289522871154,0
WBGene00017076,D2096.9,0.16037809120894736,0.0004024547184630669,0
WBGene00005533,sri-21,0.1602045926510677,0.00040840725198905403,0
WBGene00008550,F07B10.4,0.16002946332361406,0.00041449879428914456,0
WBGene00018803,fbxa-24,0.15974847717035673,0.0004244493782694489,0
WBGene00005243,srh-18,0.15898682338123912,0.0004525513163143813,0
WBGene00015619,C08G9.1,0.1567403824733746,0.0005458392435141574,0
WBGene00012019,dkf-2,0.1565848277703003,0.0005529187194247687,0
WBGene00003653,nhr-63,0.15603032934773897,0.0005788541315425509,0
WBGene00010603,nhr-198,0.15461357997383232,0.0006503351917971482,0
WBGene00020635,T20H4.2,0.15387293091865592,0.0006908818779932621,0
WBGene00022441,Y110A2AL.4,0.15303407669853458,0.0007396270620793685,0
WBGene00020485,ceh-54,0.15262485789303518,0.000764544787404866,0
WBGene00012833,Y43F8C.11,0.15247775984175466,0.0007736899727178561,0
WBGene00020023,frpr-16,0.15138481945018928,0.0008448753909140119,0
WBGene00003175,mec-12,0.1508962497895044,0.0008786155399367723,0
WBGene00003884,osm-3,0.1504924796253558,0.0009074347286370018,0
WBGene00004740,scd-2,0.15041555873790075,0.0009130230435732176,0
WBGene00019839,R02F11.1,0.15035071252391546,0.0009177588117217705,0
WBGene00010838,M03C11.1,0.15003453279338191,0.0009411763994253671,0
WBGene00000280,cah-2,0.14991516408660657,0.0009501599273690477,0
WBGene00022635,ZC581.9,0.1484916914517609,0.0010635660209925876,0
WBGene00001725,grl-16,0.14729392329901234,0.0011685252258363098,0
WBGene00009496,F36H1.11,0.14696391682583462,0.0011990757604151616,0
WBGene00003759,nlp-21,0.14686768256141788,0.001208122245354587,0
WBGene00000611,col-34,0.14577066891517182,0.0013157833920196952,0
WBGene00000288,cal-4,0.14452751361563448,0.001448413264437558,0
WBGene00011328,T01D3.3,0.1436866454406612,0.0015449726477031805,0
WBGene00018879,F55D10.4,0.14332051994766315,0.0015888343301891006,0
WBGene00002016,hsp-16.2,0.14330772502717573,0.0015903876219721545,0
WBGene00003756,nlp-18,0.14222452610620478,0.0017270544845357748,0
WBGene00013574,lron-13,0.1411411011808131,0.0018744436035948314,0
WBGene00001758,gst-10,0.14106980722422566,0.0018845351431075717,0
WBGene00013298,Y57G11B.6,0.14094572062622057,0.001902218110833016,0
WBGene00044029,C05D12.7,0.14067698221233807,0.0019410365832298736,0
WBGene00003495,mup-2,0.14045636894923014,0.0019734439730225077,0
WBGene00014160,ZK938.3,0.13990456213105318,0.0020566823197071074,0
WBGene00017198,nhr-36,0.13973424875773754,0.002083014688243252,0
WBGene00010681,mak-1,0.13900549951349106,0.0021992051171692605,0
WBGene00019154,glf-1,0.1389025651764646,0.002216085790540895,0
WBGene00016918,test-1,0.13887597068602472,0.0022204663433889526,0
WBGene00019200,H14E04.3,0.13875433775295762,0.0022406023031044057,0
WBGene00017907,F28F9.3,0.13866974000940008,0.0022547053969386717,0
WBGene00017616,F20A1.4,0.13855989964405221,0.0022731376014311355,0
WBGene00009969,F53B7.7,0.13827086746718867,0.002322299189751359,0
WBGene00003889,osm-9,0.13824007121314077,0.0023275941566807366,0
WBGene00020229,T05A8.3,0.13767008553333,0.002427605866965375,0
WBGene00005988,srx-97,0.13763827621802047,0.002433301086147355,0
WBGene00005831,srw-84,0.1373814078534524,0.002479740020009622,0
WBGene00011433,pde-1,0.13721498458451334,0.002510257518795272,0
WBGene00018376,F43C9.2,0.13703096851320348,0.002544399477385693,0
WBGene00017335,F10D2.10,0.13695749577275004,0.0025581493251782403,0
WBGene00010316,F59B8.1,0.13651209319327876,0.0026429629756569858,0
WBGene00008376,D1054.9,0.136095921457383,0.0027245179219914702,0
WBGene00000603,col-14,0.1358638153550855,0.0027709918270285216,0
WBGene00022295,cng-2,0.13550374807535912,0.002844516865273037,0
WBGene00005317,srh-98,0.13549146773002077,0.0028470555148981005,0
WBGene00011999,T24F1.7,0.13532475849801678,0.0028817230266251176,0
WBGene00006016,srx-125,0.1348381482230507,0.0029851230095291597,0
WBGene00011678,T10B9.9,0.13423039066691747,0.003119000513534008,0
WBGene00010144,F56C4.1,0.13324005022512864,0.00334888400179579,0
WBGene00009573,F40E10.5,0.13269162839103377,0.0034827040048742808,0
WBGene00003591,nex-4,0.13266233697008112,0.003489986014253916,0
WBGene00003745,nlp-7,0.12978541354507483,0.0042762518376108635,0
WBGene00044142,H13N06.7,0.12920304814256398,0.004453685862430852,0
WBGene00015679,C10F3.7,0.12905795985399246,0.00449891356183434,0
WBGene00010724,K09E9.1,0.1272371922984196,0.005102827278768448,0
WBGene00020714,T23B3.6,0.12174931434683972,0.007389640199909408,0
WBGene00006956,wrt-10,-0.13714862276906153,0.002522521690399981,0
WBGene00001960,hlh-16,-0.13875950866316453,0.0022397428913715064,0
WBGene00002255,lbp-3,-0.14065442046852905,0.00194432832909623,0
WBGene00206462,B0391.14,-0.14427920622455231,0.001476333825194004,0
WBGene00007640,C17D12.7,-0.14525036083953632,0.0013698724701733656,0
WBGene00018811,pmt-2,-0.14669342906012134,0.0012246630244454443,0
WBGene00044082,D1086.12,-0.1504308113691364,0.0009119124167480363,0
WBGene00007862,C32C4.1,-0.16062127842179907,0.000394247150956866,0
WBGene00003939,pax-3,-0.16087439230414302,0.00038587033624323065,0
WBGene00019734,M02E1.2,-0.16517803321553948,0.00026653233071929216,0
WBGene00001050,dom-3,-0.16632486308606684,0.00024113293434006525,0
WBGene00001434,fkh-2,-0.17473343801105898,0.00011341168665546624,0
WBGene00000777,cpn-1,-0.1772679694163405,8.971994605885685e-05,0
WBGene00019039,fbxb-18,-0.19038049559393033,2.5336340053113434e-05,0
WBGene00045382,T05E12.8,-0.19637878236949782,1.3795897585602201e-05,0
WBGene00007934,C34E7.4,-0.19677576563614765,1.3243172136353662e-05,0
WBGene00022835,ZK973.9,-0.19792318860706304,1.176155642436107e-05,0
WBGene00000685,col-111,-0.20617486205867427,4.9100864327720414e-06,0
WBGene00012064,fbxb-115,-0.20691450687546423,4.532349213335553e-06,0
WBGene00018307,dyla-1,-0.21048146459394623,3.0682943778627435e-06,0
WBGene00009156,clec-196,-0.22014366728438323,1.0307127397838698e-06,0
WBGene00004372,rig-5,-0.22192501750599286,8.383246982689486e-07,0
WBGene00010102,F55C9.5,-0.22539211179535185,5.579995713155688e-07,0
WBGene00015062,trx-1,-0.23083501669799183,2.9064884232340576e-07,0
WBGene00010100,F55C9.3,-0.23372994336753056,2.040937788830381e-07,0
WBGene00013100,zip-7,-0.24711785718465126,3.745096622277544e-08,0
WBGene00010234,ttr-50,-0.29136239226868704,6.623667028228917e-11,1
WBGene00006652,ttx-1,-0.36029595697468797,2.985087936724372e-16,1
WBGene00000503,cht-1,-0.4400465896295233,2.713720257067015e-24,2
WBGene00002086,ins-3,-0.465545726710147,2.3704228136075232e-27,2
WBGene00006981,zig-4,-0.4716824407490378,3.9760865963295343e-28,2
WBGene00016088,clec-266,-0.4898282496996272,1.632479521816154e-30,2
WBGene00008447,E01G4.5,-0.5433170855306164,1.9243545396128062e-38,3
WBGene00017184,ncam-1,-0.5463293672554137,6.228182045609933e-39,3
WBGene00008066,fbxb-65,-0.5843490616372081,1.447620661947156e-45,3
WBGene00001958,hlh-14,-0.6093532483762769,1.9862078240298595e-50,3
WBGene00002253,lbp-1,-0.6339298250380475,1.1943472003460769e-55,4
WBGene00006063,sto-1,-0.6913021891157933,6.91857983428286e-70,5
WBGene00001854,hil-3,-0.6929824162320763,2.3584509082490743e-70,5
WBGene00235158,Y37E3.30,-0.7252350196876678,5.3898408881573675e-80,6
WBGene00001898,his-24,-0.7686386496892744,2.2051857706824088e-95,7
WBGene00000468,ces-1,-0.8426169526859847,2.1885911276521398e-131,9
WBGene00002085,ins-2,-0.8473933642588372,2.449865606983222e-134,10
