selection,method,primary_method,shared_rank,gene,gene_short_name,scsketch_correlation,orientation_adjusted_scsketch_correlation,method_pseudotime_correlation,method_q_value,path_progress_pseudotime_spearman_r
Selection 1,PAGA/DPT,True,1,WBGene00016561,eri-6,0.8887650818128008,0.8887650818128008,0.8720353995545909,1.0932548277442949e-191,0.9740777371856735
Selection 1,PAGA/DPT,True,2,WBGene00007883,C33A12.4,0.8859786588181304,0.8859786588181304,0.8486641213207324,4.429829071437565e-171,0.9740777371856735
Selection 1,PAGA/DPT,True,3,WBGene00017326,dmd-5,-0.8579736664137962,-0.8579736664137962,-0.886820995650644,6.114284057136202e-207,0.9740777371856735
Selection 1,PAGA/DPT,True,4,WBGene00007604,xbx-9,0.8412349177293611,0.8412349177293611,0.8360667573395297,1.5932859343368278e-161,0.9740777371856735
Selection 1,PAGA/DPT,True,5,WBGene00022144,pghm-1,0.8102754808023326,0.8102754808023326,0.8263663119654162,1.698743034576959e-154,0.9740777371856735
Selection 1,PAGA/DPT,True,6,WBGene00006063,sto-1,-0.7932417032083324,-0.7932417032083324,-0.868836447736763,9.400806287877238e-189,0.9740777371856735
Selection 1,PAGA/DPT,True,7,WBGene00015354,snet-1,0.7842271956835284,0.7842271956835284,0.8653981089418608,1.26313331421005e-185,0.9740777371856735
Selection 1,PAGA/DPT,True,8,WBGene00010236,F58B4.3,0.7794984059597705,0.7794984059597705,0.8459940199559456,5.483874827058904e-169,0.9740777371856735
Selection 1,PAGA/DPT,True,9,WBGene00018352,fbxc-20,-0.774466322248665,-0.774466322248665,-0.8413983611782317,2.0661747563017413e-165,0.9740777371856735
Selection 1,PAGA/DPT,True,10,WBGene00008840,F15A4.5,0.7735845564356314,0.7735845564356314,0.8386316092316874,2.4819532437345665e-163,0.9740777371856735
Selection 1,PAGA/DPT,True,11,WBGene00012853,Y44A6D.2,0.7616871137923671,0.7616871137923671,0.7895962859648207,2.0296975223570918e-131,0.9740777371856735
Selection 1,PAGA/DPT,True,12,WBGene00010559,K04D7.6,0.7557440506865012,0.7557440506865012,0.837588454702392,1.3775752069572582e-162,0.9740777371856735
Selection 1,PAGA/DPT,True,13,WBGene00249817,F42G8.19,0.7500161080995398,0.7500161080995398,0.7254331803921992,1.7228404792468333e-100,0.9740777371856735
Selection 1,PAGA/DPT,True,14,WBGene00000458,ceh-37,-0.747126817670324,-0.747126817670324,-0.64221316957339,1.2806973866508592e-71,0.9740777371856735
Selection 1,PAGA/DPT,True,15,WBGene00011289,R102.2,0.7449005075058687,0.7449005075058687,0.8096769471602381,2.068804106951733e-143,0.9740777371856735
Selection 1,PAGA/DPT,True,16,WBGene00010575,flp-25,0.7443775569956793,0.7443775569956793,0.8179504925256761,9.506405945314778e-149,0.9740777371856735
Selection 1,PAGA/DPT,True,17,WBGene00019039,fbxb-18,-0.7394520289089258,-0.7394520289089258,-0.6608152341217708,2.850926749716415e-77,0.9740777371856735
Selection 1,PAGA/DPT,True,18,WBGene00001898,his-24,-0.7338240412320495,-0.7338240412320495,-0.6311830968493187,1.8442713546534247e-68,0.9740777371856735
Selection 1,PAGA/DPT,True,19,WBGene00008447,E01G4.5,-0.7289311284956804,-0.7289311284956804,-0.6029287823943407,7.252642938322662e-61,0.9740777371856735
Selection 1,PAGA/DPT,True,20,WBGene00010239,F58B4.6,0.7257035002448528,0.7257035002448528,0.7809101458953431,1.2048573285080118e-126,0.9740777371856735
Selection 1,PAGA/DPT,True,21,WBGene00019040,fbxb-19,-0.7223185245688661,-0.7223185245688661,-0.7856909271323216,3.0098668991443835e-129,0.9740777371856735
Selection 1,PAGA/DPT,True,22,WBGene00235158,Y37E3.30,-0.712615718953596,-0.712615718953596,-0.5809497491918902,1.727711856860231e-55,0.9740777371856735
Selection 1,PAGA/DPT,True,23,WBGene00017236,F08B4.4,0.6946496166766121,0.6946496166766121,0.7211365735307346,8.752207130135684e-99,0.9740777371856735
Selection 1,PAGA/DPT,True,24,WBGene00019324,K02F2.5,0.6842126994673352,0.6842126994673352,0.7320422338676716,3.0672288448419616e-103,0.9740777371856735
Selection 1,PAGA/DPT,True,25,WBGene00009144,del-3,0.6768336774100199,0.6768336774100199,0.7357846313381246,7.789946164073188e-105,0.9740777371856735
Selection 1,PAGA/DPT,True,26,WBGene00017671,pgal-1,0.6728519772992972,0.6728519772992972,0.7305689086637613,1.2509857847588587e-102,0.9740777371856735
Selection 1,PAGA/DPT,True,27,WBGene00004207,ptb-1,0.6619683481057925,0.6619683481057925,0.6322093772006473,9.721304214942423e-69,0.9740777371856735
Selection 1,PAGA/DPT,True,28,WBGene00018213,F39H12.2,0.6476690617801657,0.6476690617801657,0.7143554498806176,4.191157549822983e-96,0.9740777371856735
Selection 1,PAGA/DPT,True,29,WBGene00004926,snt-6,0.6472263777314697,0.6472263777314697,0.5771038924863875,1.3669179930792163e-54,0.9740777371856735
Selection 1,PAGA/DPT,True,30,WBGene00016016,C23G10.10,0.6432895569614502,0.6432895569614502,0.6999989842434272,1.2663554308970893e-90,0.9740777371856735
Selection 1,PAGA/DPT,True,31,WBGene00017150,EGAP5.1,0.6361733458957213,0.6361733458957213,0.6932484805219638,3.4998373905835596e-88,0.9740777371856735
Selection 1,PAGA/DPT,True,32,WBGene00009716,F44G4.7,0.626336312779557,0.626336312779557,0.6837612365156649,7.556656854221957e-85,0.9740777371856735
Selection 1,PAGA/DPT,True,33,WBGene00019269,H41C03.2,0.6248412886016607,0.6248412886016607,0.690504022189857,3.2326879015910356e-87,0.9740777371856735
Selection 1,PAGA/DPT,True,34,WBGene00010864,xbx-3,0.6226973945559672,0.6226973945559672,0.6784615241528981,4.823491318573358e-83,0.9740777371856735
Selection 1,PAGA/DPT,True,35,WBGene00021254,Y22D7AL.16,0.6214890372810183,0.6214890372810183,0.6819048447579144,3.24986978478117e-84,0.9740777371856735
Selection 1,PAGA/DPT,True,36,WBGene00003745,nlp-7,0.6152945766744987,0.6152945766744987,0.6545134364341912,2.56379040535707e-75,0.9740777371856735
Selection 1,PAGA/DPT,True,37,WBGene00001753,gst-5,0.599107380617302,0.599107380617302,0.6551719447409297,1.632235317595786e-75,0.9740777371856735
Selection 1,PAGA/DPT,True,38,WBGene00016321,tppp-1,0.5985822145541353,0.5985822145541353,0.6467300920725173,6.047912382117537e-73,0.9740777371856735
Selection 1,PAGA/DPT,True,39,WBGene00011545,T06G6.3,0.5865371979411853,0.5865371979411853,0.6388472029987021,1.2116791136146265e-70,0.9740777371856735
Selection 1,PAGA/DPT,True,40,WBGene00005585,sri-73,0.5721408676987911,0.5721408676987911,0.6331995036496846,5.150264075103446e-69,0.9740777371856735
Selection 1,PAGA/DPT,True,41,WBGene00011644,T09B9.3,0.5562158810998451,0.5562158810998451,0.608422786582593,2.8901491068109252e-62,0.9740777371856735
Selection 1,PAGA/DPT,True,42,WBGene00269432,ZC132.11,0.5519750597236894,0.5519750597236894,0.5972127229551932,1.9776575962489257e-59,0.9740777371856735
Selection 1,PAGA/DPT,True,43,WBGene00001992,hot-7,0.5512649849993375,0.5512649849993375,0.601696193126637,1.4800094550662468e-60,0.9740777371856735
Selection 1,PAGA/DPT,True,44,WBGene00018736,F53B1.3,0.542930575510615,0.542930575510615,0.6034231842834697,5.4922316530465054e-61,0.9740777371856735
Selection 1,PAGA/DPT,True,45,WBGene00008018,tbc-8,0.542416606225652,0.542416606225652,0.5854726448339442,1.4392662465811208e-56,0.9740777371856735
Selection 1,PAGA/DPT,True,46,WBGene00005647,srp-6,0.5375131337886667,0.5375131337886667,0.573810374787508,7.650779715723107e-54,0.9740777371856735
Selection 1,PAGA/DPT,True,47,WBGene00022391,Y95B8A.12,0.5328975631863763,0.5328975631863763,0.5652652537801961,6.591995592606603e-52,0.9740777371856735
Selection 1,PAGA/DPT,True,48,WBGene00010290,F58H1.7,0.5273285370583946,0.5273285370583946,0.5588826520671576,1.6552517076615295e-50,0.9740777371856735
Selection 1,PAGA/DPT,True,49,WBGene00077536,F38B7.10,0.5203327120923614,0.5203327120923614,0.5625006902702471,2.690195820499868e-51,0.9740777371856735
Selection 1,PAGA/DPT,True,50,WBGene00044144,M153.4,0.5154279121370382,0.5154279121370382,0.5566990744730489,4.793384742650167e-50,0.9740777371856735
Selection 1,PAGA/DPT,True,51,WBGene00010144,F56C4.1,0.5148686934190071,0.5148686934190071,0.5759875662087405,2.466190123375577e-54,0.9740777371856735
Selection 1,PAGA/DPT,True,52,WBGene00004345,rgs-2,0.5127658787422569,0.5127658787422569,0.5604894293543253,7.379432169913365e-51,0.9740777371856735
Selection 1,PAGA/DPT,True,53,WBGene00007751,C26G2.2,0.5121760117659986,0.5121760117659986,0.5679622953809662,1.6518158336504732e-52,0.9740777371856735
Selection 1,PAGA/DPT,True,54,WBGene00015411,srz-60,0.5086478666608882,0.5086478666608882,0.5663124020370748,3.867298413331634e-52,0.9740777371856735
Selection 1,PAGA/DPT,True,55,WBGene00017813,F26A10.1,0.5054709439054422,0.5054709439054422,0.5534302568696566,2.3745892182208786e-49,0.9740777371856735
Selection 1,PAGA/DPT,True,56,WBGene00005399,srh-184,0.4995742861348164,0.4995742861348164,0.5606321078519032,6.935927075576635e-51,0.9740777371856735
Selection 1,Slingshot,True,1,WBGene00016561,eri-6,0.8887650818128008,0.8887650818128008,0.8207930740910718,1.4887126599465768e-149,0.9396640991208559
Selection 1,Slingshot,True,2,WBGene00007883,C33A12.4,0.8859786588181304,0.8859786588181304,0.7905783581063837,2.0160278102041786e-131,0.9396640991208559
Selection 1,Slingshot,True,3,WBGene00017326,dmd-5,-0.8579736664137962,-0.8579736664137962,-0.8135211514470062,5.1921484190414836e-145,0.9396640991208559
Selection 1,Slingshot,True,4,WBGene00007604,xbx-9,0.8412349177293611,0.8412349177293611,0.7709055127208622,3.8632889303693574e-121,0.9396640991208559
Selection 1,Slingshot,True,5,WBGene00022144,pghm-1,0.8102754808023326,0.8102754808023326,0.7741969658364043,8.248528524192249e-123,0.9396640991208559
Selection 1,Slingshot,True,6,WBGene00006063,sto-1,-0.7932417032083324,-0.7932417032083324,-0.7798679579796917,1.2596626440761153e-125,0.9396640991208559
Selection 1,Slingshot,True,7,WBGene00015354,snet-1,0.7842271956835284,0.7842271956835284,0.8042704106171079,2.5248680771715888e-139,0.9396640991208559
Selection 1,Slingshot,True,8,WBGene00010236,F58B4.3,0.7794984059597705,0.7794984059597705,0.7984862414449109,6.108718501880996e-136,0.9396640991208559
Selection 1,Slingshot,True,9,WBGene00018352,fbxc-20,-0.774466322248665,-0.774466322248665,-0.7351361399361176,1.881279289143629e-104,0.9396640991208559
Selection 1,Slingshot,True,10,WBGene00008840,F15A4.5,0.7735845564356314,0.7735845564356314,0.7843959782744859,4.973931250295033e-128,0.9396640991208559
Selection 1,Slingshot,True,11,WBGene00012853,Y44A6D.2,0.7616871137923671,0.7616871137923671,0.7492758731561799,1.0395417360997921e-110,0.9396640991208559
Selection 1,Slingshot,True,12,WBGene00010559,K04D7.6,0.7557440506865012,0.7557440506865012,0.7747811595809693,4.4825601046291254e-123,0.9396640991208559
Selection 1,Slingshot,True,13,WBGene00249817,F42G8.19,0.7500161080995398,0.7500161080995398,0.662515044026564,1.1214290248058112e-77,0.9396640991208559
Selection 1,Slingshot,True,14,WBGene00000458,ceh-37,-0.747126817670324,-0.747126817670324,-0.6155202963378608,4.475164846579211e-64,0.9396640991208559
Selection 1,Slingshot,True,15,WBGene00011289,R102.2,0.7449005075058687,0.7449005075058687,0.7579761682041222,8.575933726285086e-115,0.9396640991208559
Selection 1,Slingshot,True,16,WBGene00010575,flp-25,0.7443775569956793,0.7443775569956793,0.7701756042996181,8.456044202411232e-121,0.9396640991208559
Selection 1,Slingshot,True,17,WBGene00019039,fbxb-18,-0.7394520289089258,-0.7394520289089258,-0.6136446183302552,1.397542503124998e-63,0.9396640991208559
Selection 1,Slingshot,True,18,WBGene00001898,his-24,-0.7338240412320495,-0.7338240412320495,-0.670402246360187,3.3474166723525113e-80,0.9396640991208559
Selection 1,Slingshot,True,19,WBGene00008447,E01G4.5,-0.7289311284956804,-0.7289311284956804,-0.624542854283108,1.6891460640141708e-66,0.9396640991208559
Selection 1,Slingshot,True,20,WBGene00010239,F58B4.6,0.7257035002448528,0.7257035002448528,0.7349236323829501,2.209172969428492e-104,0.9396640991208559
Selection 1,Slingshot,True,21,WBGene00019040,fbxb-19,-0.7223185245688661,-0.7223185245688661,-0.6752484065367731,8.383788788947593e-82,0.9396640991208559
Selection 1,Slingshot,True,22,WBGene00000468,ces-1,-0.7154443387951295,-0.7154443387951295,-0.5925452955278397,2.9829790225388848e-58,0.9396640991208559
Selection 1,Slingshot,True,23,WBGene00235158,Y37E3.30,-0.712615718953596,-0.712615718953596,-0.5982195459641783,1.2034828156329215e-59,0.9396640991208559
Selection 1,Slingshot,True,24,WBGene00017236,F08B4.4,0.6946496166766121,0.6946496166766121,0.6638941210126996,4.1657504710667895e-78,0.9396640991208559
Selection 1,Slingshot,True,25,WBGene00019324,K02F2.5,0.6842126994673352,0.6842126994673352,0.7027050841934475,1.9365453053363828e-91,0.9396640991208559
Selection 1,Slingshot,True,26,WBGene00009144,del-3,0.6768336774100199,0.6768336774100199,0.6362377612894015,8.834557441213767e-70,0.9396640991208559
Selection 1,Slingshot,True,27,WBGene00017671,pgal-1,0.6728519772992972,0.6728519772992972,0.6912007982333908,2.984089479308919e-87,0.9396640991208559
Selection 1,Slingshot,True,28,WBGene00004207,ptb-1,0.6619683481057925,0.6619683481057925,0.5742865906502616,6.001115775904474e-54,0.9396640991208559
Selection 1,Slingshot,True,29,WBGene00001854,hil-3,-0.6497433192624416,-0.6497433192624416,-0.5911954280544709,6.250964145810292e-58,0.9396640991208559
Selection 1,Slingshot,True,30,WBGene00018213,F39H12.2,0.6476690617801657,0.6476690617801657,0.6585824614860074,1.8841100949776943e-76,0.9396640991208559
Selection 1,Slingshot,True,31,WBGene00004926,snt-6,0.6472263777314697,0.6472263777314697,0.5461149128216658,9.07770813058389e-48,0.9396640991208559
Selection 1,Slingshot,True,32,WBGene00016016,C23G10.10,0.6432895569614502,0.6432895569614502,0.6548763778350644,2.654060578625886e-75,0.9396640991208559
Selection 1,Slingshot,True,33,WBGene00017150,EGAP5.1,0.6361733458957213,0.6361733458957213,0.6452385641698505,2.153783086900242e-72,0.9396640991208559
Selection 1,Slingshot,True,34,WBGene00009716,F44G4.7,0.626336312779557,0.626336312779557,0.6076389748758718,4.944066270960523e-62,0.9396640991208559
Selection 1,Slingshot,True,35,WBGene00019269,H41C03.2,0.6248412886016607,0.6248412886016607,0.6275487726019094,2.495759683471286e-67,0.9396640991208559
Selection 1,Slingshot,True,36,WBGene00010864,xbx-3,0.6226973945559672,0.6226973945559672,0.6535682570209147,6.58120834536774e-75,0.9396640991208559
Selection 1,Slingshot,True,37,WBGene00021254,Y22D7AL.16,0.6214890372810183,0.6214890372810183,0.6134373842145219,1.559028226954083e-63,0.9396640991208559
Selection 1,Slingshot,True,38,WBGene00003745,nlp-7,0.6152945766744987,0.6152945766744987,0.6063696377590555,1.0420761067781208e-61,0.9396640991208559
Selection 1,Slingshot,True,39,WBGene00002253,lbp-1,-0.6003947626026455,-0.6003947626026455,-0.5947320770688298,8.650288064147728e-59,0.9396640991208559
Selection 1,Slingshot,True,40,WBGene00001753,gst-5,0.599107380617302,0.599107380617302,0.6229043115422526,4.5246049856790293e-66,0.9396640991208559
Selection 1,Slingshot,True,41,WBGene00016321,tppp-1,0.5985822145541353,0.5985822145541353,0.6089754706382331,2.245214636096726e-62,0.9396640991208559
Selection 1,Slingshot,True,42,WBGene00011545,T06G6.3,0.5865371979411853,0.5865371979411853,0.5882772288221252,3.0775839120421935e-57,0.9396640991208559
Selection 1,Slingshot,True,43,WBGene00005585,sri-73,0.5721408676987911,0.5721408676987911,0.6041650998973372,3.760209496076109e-61,0.9396640991208559
Selection 1,Slingshot,True,44,WBGene00011644,T09B9.3,0.5562158810998451,0.5562158810998451,0.6045357915833793,3.064823291150831e-61,0.9396640991208559
Selection 1,Slingshot,True,45,WBGene00001992,hot-7,0.5512649849993375,0.5512649849993375,0.5907749205164289,7.82540791108624e-58,0.9396640991208559
Selection 1,Slingshot,True,46,WBGene00016088,clec-266,-0.5485661242894074,-0.5485661242894074,-0.5454774156829646,1.2249212107455792e-47,0.9396640991208559
Selection 1,Slingshot,True,47,WBGene00018736,F53B1.3,0.542930575510615,0.542930575510615,0.5550045044661162,1.185060645516056e-49,0.9396640991208559
Selection 1,Slingshot,True,48,WBGene00044144,M153.4,0.5154279121370382,0.5154279121370382,0.5361197145501949,1.0521333404860337e-45,0.9396640991208559
Selection 1,Slingshot,True,49,WBGene00015411,srz-60,0.5086478666608882,0.5086478666608882,0.5430206086679396,3.978134522746336e-47,0.9396640991208559
Selection 1,Slingshot,True,50,WBGene00017813,F26A10.1,0.5054709439054422,0.5054709439054422,0.5607897272940482,6.470007794823733e-51,0.9396640991208559
Selection 1,Monocle3 global,True,1,WBGene00016561,eri-6,0.8887650818128008,0.8887650818128008,0.8736366232829967,2.819130933242468e-193,0.9669037130761381
Selection 1,Monocle3 global,True,2,WBGene00007883,C33A12.4,0.8859786588181304,0.8859786588181304,0.87739888491023,8.544036444819355e-197,0.9669037130761381
Selection 1,Monocle3 global,True,3,WBGene00017326,dmd-5,-0.8579736664137962,-0.8579736664137962,-0.7856581871596052,5.963539005297031e-129,0.9669037130761381
Selection 1,Monocle3 global,True,4,WBGene00007604,xbx-9,0.8412349177293611,0.8412349177293611,0.8216078227223347,5.906793524439217e-151,0.9669037130761381
Selection 1,Monocle3 global,True,5,WBGene00022144,pghm-1,0.8102754808023326,0.8102754808023326,0.7773531293888319,1.6331251873307408e-124,0.9669037130761381
Selection 1,Monocle3 global,True,6,WBGene00006063,sto-1,-0.7932417032083324,-0.7932417032083324,-0.7436891686765564,3.1500386721033288e-108,0.9669037130761381
Selection 1,Monocle3 global,True,7,WBGene00015354,snet-1,0.7842271956835284,0.7842271956835284,0.7053676636607276,1.320451090182363e-92,0.9669037130761381
Selection 1,Monocle3 global,True,8,WBGene00010236,F58B4.3,0.7794984059597705,0.7794984059597705,0.7016769203681971,2.9937100382241485e-91,0.9669037130761381
Selection 1,Monocle3 global,True,9,WBGene00018352,fbxc-20,-0.774466322248665,-0.774466322248665,-0.7313597141184782,6.247426314280347e-103,0.9669037130761381
Selection 1,Monocle3 global,True,10,WBGene00008840,F15A4.5,0.7735845564356314,0.7735845564356314,0.7047839414849426,2.135781480315769e-92,0.9669037130761381
Selection 1,Monocle3 global,True,11,WBGene00012853,Y44A6D.2,0.7616871137923671,0.7616871137923671,0.6920798187627047,8.582403670817431e-88,0.9669037130761381
Selection 1,Monocle3 global,True,12,WBGene00010559,K04D7.6,0.7557440506865012,0.7557440506865012,0.6860263176995253,1.1385403040532613e-85,0.9669037130761381
Selection 1,Monocle3 global,True,13,WBGene00249817,F42G8.19,0.7500161080995398,0.7500161080995398,0.7436796102424325,3.1500386721033288e-108,0.9669037130761381
Selection 1,Monocle3 global,True,14,WBGene00000458,ceh-37,-0.747126817670324,-0.747126817670324,-0.7636041865378742,1.5117317610383745e-117,0.9669037130761381
Selection 1,Monocle3 global,True,15,WBGene00011289,R102.2,0.7449005075058687,0.7449005075058687,0.6676652184511027,1.5148027254934444e-79,0.9669037130761381
Selection 1,Monocle3 global,True,16,WBGene00010575,flp-25,0.7443775569956793,0.7443775569956793,0.668263381441169,9.831006563459466e-80,0.9669037130761381
Selection 1,Monocle3 global,True,17,WBGene00019039,fbxb-18,-0.7394520289089258,-0.7394520289089258,-0.7518667847563295,6.461426323917168e-112,0.9669037130761381
Selection 1,Monocle3 global,True,18,WBGene00001898,his-24,-0.7338240412320495,-0.7338240412320495,-0.7433342637399617,4.281448794792629e-108,0.9669037130761381
Selection 1,Monocle3 global,True,19,WBGene00008447,E01G4.5,-0.7289311284956804,-0.7289311284956804,-0.7373124809639497,1.8318776118668056e-105,0.9669037130761381
Selection 1,Monocle3 global,True,20,WBGene00010239,F58B4.6,0.7257035002448528,0.7257035002448528,0.6738540798450917,1.5264226031648448e-81,0.9669037130761381
Selection 1,Monocle3 global,True,21,WBGene00019040,fbxb-19,-0.7223185245688661,-0.7223185245688661,-0.6988631563971087,3.08532576588993e-90,0.9669037130761381
Selection 1,Monocle3 global,True,22,WBGene00000468,ces-1,-0.7154443387951295,-0.7154443387951295,-0.7076608171940348,1.8089878532768635e-93,0.9669037130761381
Selection 1,Monocle3 global,True,23,WBGene00235158,Y37E3.30,-0.712615718953596,-0.712615718953596,-0.7140641890784752,6.190905149349454e-96,0.9669037130761381
Selection 1,Monocle3 global,True,24,WBGene00017236,F08B4.4,0.6946496166766121,0.6946496166766121,0.6731947351316092,2.4854909985224443e-81,0.9669037130761381
Selection 1,Monocle3 global,True,25,WBGene00019324,K02F2.5,0.6842126994673352,0.6842126994673352,0.6199890520311377,2.1545192783295422e-65,0.9669037130761381
Selection 1,Monocle3 global,True,26,WBGene00009144,del-3,0.6768336774100199,0.6768336774100199,0.6590457599935825,8.58339901583717e-77,0.9669037130761381
Selection 1,Monocle3 global,True,27,WBGene00017671,pgal-1,0.6728519772992972,0.6728519772992972,0.6023376875543234,9.714850875515113e-61,0.9669037130761381
Selection 1,Monocle3 global,True,28,WBGene00004207,ptb-1,0.6619683481057925,0.6619683481057925,0.6944840760940248,1.186378483234107e-88,0.9669037130761381
Selection 1,Monocle3 global,True,29,WBGene00001854,hil-3,-0.6497433192624416,-0.6497433192624416,-0.6508135248747666,2.8692485652077545e-74,0.9669037130761381
Selection 1,Monocle3 global,True,30,WBGene00018213,F39H12.2,0.6476690617801657,0.6476690617801657,0.578965640583771,4.6309820852116655e-55,0.9669037130761381
Selection 1,Monocle3 global,True,31,WBGene00004926,snt-6,0.6472263777314697,0.6472263777314697,0.6802722381014866,1.0850381093274367e-83,0.9669037130761381
Selection 1,Monocle3 global,True,32,WBGene00016016,C23G10.10,0.6432895569614502,0.6432895569614502,0.5732336101425095,9.610460049568142e-54,0.9669037130761381
Selection 1,Monocle3 global,True,33,WBGene00017150,EGAP5.1,0.6361733458957213,0.6361733458957213,0.5684858112536635,1.1014693292207658e-52,0.9669037130761381
Selection 1,Monocle3 global,True,34,WBGene00009716,F44G4.7,0.626336312779557,0.626336312779557,0.5792895687486909,3.927725499167625e-55,0.9669037130761381
Selection 1,Monocle3 global,True,35,WBGene00010632,K07C5.9,0.6236339600443875,0.6236339600443875,0.6757114385566756,3.704012939112989e-82,0.9669037130761381
Selection 1,Monocle3 global,True,36,WBGene00021254,Y22D7AL.16,0.6214890372810183,0.6214890372810183,0.5761659386656629,2.0619776880605043e-54,0.9669037130761381
Selection 1,Monocle3 global,True,37,WBGene00003745,nlp-7,0.6152945766744987,0.6152945766744987,0.5752394161475168,3.319566980869993e-54,0.9669037130761381
Selection 1,Monocle3 global,True,38,WBGene00003000,lin-11,-0.6096929124495485,-0.6096929124495485,-0.6530538005461164,6.067813300079168e-75,0.9669037130761381
Selection 1,Monocle3 global,True,39,WBGene00002253,lbp-1,-0.6003947626026455,-0.6003947626026455,-0.5949823500200183,6.36690065897056e-59,0.9669037130761381
Selection 1,Monocle3 global,True,40,WBGene00019975,flp-34,0.5970222037336756,0.5970222037336756,0.6575794581423018,2.4441275429661997e-76,0.9669037130761381
Selection 1,Monocle3 global,True,41,WBGene00001820,ham-1,-0.5946693564626585,-0.5946693564626585,-0.5864478298400525,7.846115958548812e-57,0.9669037130761381
Selection 1,Monocle3 global,True,42,WBGene00017295,F09E10.5,0.5526210254665924,0.5526210254665924,0.5989478028273595,6.822848046381254e-60,0.9669037130761381
Selection 1,Monocle3 global,True,43,WBGene00001758,gst-10,0.532121703546957,0.532121703546957,0.5707379219364528,3.5040893338608925e-53,0.9669037130761381
Selection 1,Monocle3 partitioned,False,1,WBGene00000458,ceh-37,-0.747126817670324,0.747126817670324,0.3933559294440559,8.213458649004832e-22,-0.095439794744548
Selection 1,Monocle3 partitioned,False,2,WBGene00019039,fbxb-18,-0.7394520289089258,0.7394520289089258,0.31606275647126875,1.2717457158919003e-13,-0.095439794744548
Selection 1,Monocle3 partitioned,False,3,WBGene00001898,his-24,-0.7338240412320495,0.7338240412320495,0.31241477825176744,2.6513631846985574e-13,-0.095439794744548
Selection 1,Monocle3 partitioned,False,4,WBGene00008447,E01G4.5,-0.7289311284956804,0.7289311284956804,0.2979476659159735,4.803543599555868e-12,-0.095439794744548
Selection 1,Monocle3 partitioned,False,5,WBGene00004207,ptb-1,0.6619683481057925,-0.6619683481057925,-0.30832805959262133,6.036046298926853e-13,-0.095439794744548
Selection 1,Monocle3 partitioned,False,6,WBGene00004926,snt-6,0.6472263777314697,-0.6472263777314697,-0.3891948995998766,2.6296145048322616e-21,-0.095439794744548
Selection 1,Monocle3 partitioned,False,7,WBGene00010632,K07C5.9,0.6236339600443875,-0.6236339600443875,-0.4649254917017606,1.9051662177154553e-31,-0.095439794744548
Selection 1,Monocle3 partitioned,False,8,WBGene00003000,lin-11,-0.6096929124495485,0.6096929124495485,0.3976426274418263,2.5349468708672924e-22,-0.095439794744548
Selection 1,Monocle3 partitioned,False,9,WBGene00019975,flp-34,0.5970222037336756,-0.5970222037336756,-0.5275162444652911,5.6920791089282325e-42,-0.095439794744548
Selection 1,Monocle3 partitioned,False,10,WBGene00017295,F09E10.5,0.5526210254665924,-0.5526210254665924,-0.47346967304990545,9.508992695616531e-33,-0.095439794744548
Selection 1,Monocle3 partitioned,False,11,WBGene00007640,C17D12.7,-0.5369997255006674,0.5369997255006674,0.3087881077736716,5.552851931340538e-13,-0.095439794744548
Selection 1,Monocle3 partitioned,False,12,WBGene00001758,gst-10,0.532121703546957,-0.532121703546957,-0.4030964556926021,5.871241087021247e-23,-0.095439794744548
Selection 1,Monocle3 partitioned,False,13,WBGene00012382,ttr-16,0.4786133125352261,-0.4786133125352261,-0.2707075715712901,7.381934644700667e-10,-0.095439794744548
Selection 1,Monocle3 partitioned,False,14,WBGene00008865,F15G9.1,0.4515372246025989,-0.4515372246025989,-0.28246896694420165,8.692120046908347e-11,-0.095439794744548
Selection 2,PAGA/DPT,True,1,WBGene00007883,C33A12.4,0.8356265479444619,0.8356265479444619,0.8646874433794665,1.0889866184659785e-295,0.8745469208633169
Selection 2,PAGA/DPT,True,2,WBGene00002253,lbp-1,-0.8198022695283009,-0.8198022695283009,-0.7570842185381186,4.556581835715971e-183,0.8745469208633169
Selection 2,PAGA/DPT,True,3,WBGene00001898,his-24,-0.7970503380483802,-0.7970503380483802,-0.8167663116367513,3.0395950473669367e-236,0.8745469208633169
Selection 2,PAGA/DPT,True,4,WBGene00016088,clec-266,-0.7538295779659488,-0.7538295779659488,-0.693836810640854,2.968183588948601e-141,0.8745469208633169
Selection 2,PAGA/DPT,True,5,WBGene00001858,hil-7,0.7504148964023868,0.7504148964023868,0.5866006547223727,6.22341943375144e-91,0.8745469208633169
Selection 2,PAGA/DPT,True,6,WBGene00010647,K08C7.4,0.7166745099727477,0.7166745099727477,0.8994858984410918,0.0,0.8745469208633169
Selection 2,PAGA/DPT,True,7,WBGene00001854,hil-3,-0.6392695978400614,-0.6392695978400614,-0.6687162968671138,1.4305933227094882e-127,0.8745469208633169
Selection 2,PAGA/DPT,True,8,WBGene00004207,ptb-1,0.6236396365193242,0.6236396365193242,0.7525760850000006,1.1204893261410832e-179,0.8745469208633169
Selection 2,PAGA/DPT,True,9,WBGene00012616,dct-14,0.6202545212760455,0.6202545212760455,0.7936434353812608,1.3391582608648621e-213,0.8745469208633169
Selection 2,PAGA/DPT,True,10,WBGene00016297,fbxc-15,0.6121572647958399,0.6121572647958399,0.6368631105995102,4.569033367679334e-112,0.8745469208633169
Selection 2,PAGA/DPT,True,11,WBGene00016397,maph-9,0.6115233071473402,0.6115233071473402,0.7155816698718692,2.2811503705384636e-154,0.8745469208633169
Selection 2,PAGA/DPT,True,12,WBGene00011545,T06G6.3,0.6069166800363553,0.6069166800363553,0.7910600631922398,2.8625826600259845e-211,0.8745469208633169
Selection 2,PAGA/DPT,True,13,WBGene00249817,F42G8.19,0.6037113347379015,0.6037113347379015,0.7829507224791462,4.562107345912372e-204,0.8745469208633169
Selection 2,PAGA/DPT,True,14,WBGene00044020,ZK856.14,0.5984266307978833,0.5984266307978833,0.7633410390728976,6.5758663166743e-188,0.8745469208633169
Selection 2,PAGA/DPT,True,15,WBGene00021911,Y55B1BR.1,0.5876471782305159,0.5876471782305159,0.7726387018673893,2.285481496349422e-195,0.8745469208633169
Selection 2,PAGA/DPT,True,16,WBGene00044387,C27A2.8,0.5817137593625114,0.5817137593625114,0.7679478523341077,1.46356472773774e-191,0.8745469208633169
Selection 2,PAGA/DPT,True,17,WBGene00022295,cng-2,0.5792020144709612,0.5792020144709612,0.7149915843472331,5.190593899961325e-154,0.8745469208633169
Selection 2,PAGA/DPT,True,18,WBGene00017985,neg-1,0.5707970164807449,0.5707970164807449,0.6743495640821937,1.6301009619568767e-130,0.8745469208633169
Selection 2,PAGA/DPT,True,19,WBGene00009529,F38B2.2,0.56487375959814,0.56487375959814,0.7503470560862315,4.377595410531031e-178,0.8745469208633169
Selection 2,PAGA/DPT,True,20,WBGene00010236,F58B4.3,0.5557764333964569,0.5557764333964569,0.7298147254682632,1.331833646149366e-163,0.8745469208633169
Selection 2,PAGA/DPT,True,21,WBGene00003377,mls-2,0.5399898178932975,0.5399898178932975,0.555925471650517,9.264564630467356e-80,0.8745469208633169
Selection 2,PAGA/DPT,True,22,WBGene00194689,Y38H6C.24,0.5198215035868353,0.5198215035868353,0.6809292061103241,4.716967474833953e-134,0.8745469208633169
Selection 2,PAGA/DPT,True,23,WBGene00016016,C23G10.10,0.5197606543018988,0.5197606543018988,0.68930526966199,1.1315946653444051e-138,0.8745469208633169
Selection 2,PAGA/DPT,True,24,WBGene00219421,Y66D12A.30,0.5128745847755597,0.5128745847755597,0.6713891160033227,5.937321685464935e-129,0.8745469208633169
Selection 2,PAGA/DPT,True,25,WBGene00219300,W10G6.6,0.5050873031113999,0.5050873031113999,0.6091069613878205,6.457073393600797e-100,0.8745469208633169
Selection 2,PAGA/DPT,True,26,WBGene00016328,pde-5,0.5008370042495663,0.5008370042495663,0.572214751359575,1.5196659645817477e-85,0.8745469208633169
Selection 2,PAGA/DPT,True,27,WBGene00012328,W07G1.1,0.4999552698076659,0.4999552698076659,0.6419041750867038,2.2398335383103574e-114,0.8745469208633169
Selection 2,PAGA/DPT,True,28,WBGene00017411,F13A2.2,0.4982701379908153,0.4982701379908153,0.5972113569486291,4.603292223007144e-95,0.8745469208633169
Selection 2,PAGA/DPT,True,29,WBGene00022144,pghm-1,0.4952012011376133,0.4952012011376133,0.6557515110722056,5.176661637259828e-121,0.8745469208633169
Selection 2,PAGA/DPT,True,30,WBGene00010864,xbx-3,0.4903222045715442,0.4903222045715442,0.6521034309954816,3.136055116184477e-119,0.8745469208633169
Selection 2,PAGA/DPT,True,31,WBGene00269432,ZC132.11,0.4859322624117085,0.4859322624117085,0.6282330728765756,3.735950662745007e-108,0.8745469208633169
Selection 2,PAGA/DPT,True,32,WBGene00044144,M153.4,0.4844751043541005,0.4844751043541005,0.6436232739653608,3.574992584625432e-115,0.8745469208633169
Selection 2,PAGA/DPT,True,33,WBGene00006063,sto-1,-0.4830912694817887,-0.4830912694817887,-0.6658153756290641,4.494525225895652e-126,0.8745469208633169
Selection 2,PAGA/DPT,True,34,WBGene00007058,dmd-6,0.4814143521696249,0.4814143521696249,0.622265473791183,1.6113602852675191e-105,0.8745469208633169
Selection 2,PAGA/DPT,True,35,WBGene00012853,Y44A6D.2,0.4764222708077137,0.4764222708077137,0.638555130819371,7.882751081689792e-113,0.8745469208633169
Selection 2,PAGA/DPT,True,36,WBGene00016254,fbxb-114,0.4753009371883336,0.4753009371883336,0.576494132247495,4.119960689794133e-87,0.8745469208633169
Selection 2,PAGA/DPT,True,37,WBGene00010239,F58B4.6,0.4629219080000855,0.4629219080000855,0.631530523325588,1.233070479087935e-109,0.8745469208633169
Selection 2,PAGA/DPT,True,38,WBGene00044238,C30H6.12,0.461767406987954,0.461767406987954,0.6191748466402771,3.438676634716697e-104,0.8745469208633169
Selection 2,PAGA/DPT,True,39,WBGene00009716,F44G4.7,0.4606737246402992,0.4606737246402992,0.624418076052692,1.842093813425047e-106,0.8745469208633169
Selection 2,PAGA/DPT,True,40,WBGene00016321,tppp-1,0.4589077830749194,0.4589077830749194,0.596074567577176,1.2960538816923436e-94,0.8745469208633169
Selection 2,PAGA/DPT,True,41,WBGene00044419,fbxc-17,0.4543030122929026,0.4543030122929026,0.5804916382828047,1.3234352719658313e-88,0.8745469208633169
Selection 2,PAGA/DPT,True,42,WBGene00004924,snt-4,0.449449411437172,0.449449411437172,0.6031043311532444,1.9531127125483257e-97,0.8745469208633169
Selection 2,PAGA/DPT,True,43,WBGene00011289,R102.2,0.4391087150351009,0.4391087150351009,0.5872499008976919,3.531308227804091e-91,0.8745469208633169
Selection 2,PAGA/DPT,True,44,WBGene00194684,Y48A6B.14,0.423611797481027,0.423611797481027,0.5589342829480142,8.287613924335211e-81,0.8745469208633169
Selection 2,PAGA/DPT,True,45,WBGene00001676,gpa-14,0.4167776969724479,0.4167776969724479,0.5695473813104779,1.3805432040470214e-84,0.8745469208633169
Selection 2,Slingshot,True,1,WBGene00007883,C33A12.4,0.8356265479444619,0.8356265479444619,0.8792853208077077,0.0,0.8533437122540379
Selection 2,Slingshot,True,2,WBGene00002253,lbp-1,-0.8198022695283009,-0.8198022695283009,-0.8126608637806295,6.017491145999695e-232,0.8533437122540379
Selection 2,Slingshot,True,3,WBGene00001898,his-24,-0.7970503380483802,-0.7970503380483802,-0.824549384634557,1.7972266276211828e-244,0.8533437122540379
Selection 2,Slingshot,True,4,WBGene00016088,clec-266,-0.7538295779659488,-0.7538295779659488,-0.7447539458745314,9.074194061885273e-174,0.8533437122540379
Selection 2,Slingshot,True,5,WBGene00001858,hil-7,0.7504148964023868,0.7504148964023868,0.6609940539455942,1.358208088318606e-123,0.8533437122540379
Selection 2,Slingshot,True,6,WBGene00007934,C34E7.4,-0.7289791057745593,-0.7289791057745593,-0.6331346226082912,2.645087296409384e-110,0.8533437122540379
Selection 2,Slingshot,True,7,WBGene00010647,K08C7.4,0.7166745099727477,0.7166745099727477,0.8205137509402192,3.6505483510092095e-240,0.8533437122540379
Selection 2,Slingshot,True,8,WBGene00020772,T24E12.2,0.6952545922248315,0.6952545922248315,0.6285294005555797,3.0502085726859926e-108,0.8533437122540379
Selection 2,Slingshot,True,9,WBGene00009156,clec-196,-0.6589553909894867,-0.6589553909894867,-0.6278893363889037,5.7016270284402314e-108,0.8533437122540379
Selection 2,Slingshot,True,10,WBGene00001854,hil-3,-0.6392695978400614,-0.6392695978400614,-0.675014111615477,8.623875467453699e-131,0.8533437122540379
Selection 2,Slingshot,True,11,WBGene00004207,ptb-1,0.6236396365193242,0.6236396365193242,0.7048105934414396,1.388020899405677e-147,0.8533437122540379
Selection 2,Slingshot,True,12,WBGene00012616,dct-14,0.6202545212760455,0.6202545212760455,0.7061238503076447,2.3316814095279196e-148,0.8533437122540379
Selection 2,Slingshot,True,13,WBGene00000503,cht-1,-0.6188897804572127,-0.6188897804572127,-0.5642328326001576,1.187608780476232e-82,0.8533437122540379
Selection 2,Slingshot,True,14,WBGene00016297,fbxc-15,0.6121572647958399,0.6121572647958399,0.6253795404710831,7.380263391827526e-107,0.8533437122540379
Selection 2,Slingshot,True,15,WBGene00016397,maph-9,0.6115233071473402,0.6115233071473402,0.6604563959628531,2.4802636406962646e-123,0.8533437122540379
Selection 2,Slingshot,True,16,WBGene00011545,T06G6.3,0.6069166800363553,0.6069166800363553,0.6991264292290627,3.1653618803789346e-144,0.8533437122540379
Selection 2,Slingshot,True,17,WBGene00002255,lbp-3,-0.6053952122380699,-0.6053952122380699,-0.5584916848534871,1.1977796087782233e-80,0.8533437122540379
Selection 2,Slingshot,True,18,WBGene00249817,F42G8.19,0.6037113347379015,0.6037113347379015,0.6847991469318203,4.647025076760897e-136,0.8533437122540379
Selection 2,Slingshot,True,19,WBGene00044020,ZK856.14,0.5984266307978833,0.5984266307978833,0.6839416540873192,1.3402920407551312e-135,0.8533437122540379
Selection 2,Slingshot,True,20,WBGene00021911,Y55B1BR.1,0.5876471782305159,0.5876471782305159,0.6724669693423395,1.7889376020410092e-129,0.8533437122540379
Selection 2,Slingshot,True,21,WBGene00044387,C27A2.8,0.5817137593625114,0.5817137593625114,0.6677046193538799,5.357342200507023e-127,0.8533437122540379
Selection 2,Slingshot,True,22,WBGene00022295,cng-2,0.5792020144709612,0.5792020144709612,0.6483250245449168,2.2172747090044963e-117,0.8533437122540379
Selection 2,Slingshot,True,23,WBGene00017985,neg-1,0.5707970164807449,0.5707970164807449,0.6364662797716107,8.255324874223206e-112,0.8533437122540379
Selection 2,Slingshot,True,24,WBGene00009529,F38B2.2,0.56487375959814,0.56487375959814,0.6517060560387548,5.253096235687242e-119,0.8533437122540379
Selection 2,Slingshot,True,25,WBGene00010236,F58B4.3,0.5557764333964569,0.5557764333964569,0.6452914832716927,6.231389106962027e-116,0.8533437122540379
Selection 2,Slingshot,True,26,WBGene00003377,mls-2,0.5399898178932975,0.5399898178932975,0.6149932875347771,2.2829041098464315e-102,0.8533437122540379
Selection 2,Slingshot,True,27,WBGene00194689,Y38H6C.24,0.5198215035868353,0.5198215035868353,0.5931533796711713,1.8090341450878018e-93,0.8533437122540379
Selection 2,Slingshot,True,28,WBGene00016016,C23G10.10,0.5197606543018988,0.5197606543018988,0.5984685627956953,1.4168455310297034e-95,0.8533437122540379
Selection 2,Slingshot,True,29,WBGene00219421,Y66D12A.30,0.5128745847755597,0.5128745847755597,0.5862197299626164,8.630072503718531e-91,0.8533437122540379
Selection 2,Slingshot,True,30,WBGene00010349,dyf-18,0.5121881024942131,0.5121881024942131,0.5568277954917551,4.489917558776987e-80,0.8533437122540379
Selection 2,Slingshot,True,31,WBGene00219300,W10G6.6,0.5050873031113999,0.5050873031113999,0.5638595170424521,1.5978105178273335e-82,0.8533437122540379
Selection 2,Slingshot,True,32,WBGene00016328,pde-5,0.5008370042495663,0.5008370042495663,0.5620690791519435,6.800908729109904e-82,0.8533437122540379
Selection 2,Slingshot,True,33,WBGene00012328,W07G1.1,0.4999552698076659,0.4999552698076659,0.5633722231564429,2.36027025345614e-82,0.8533437122540379
Selection 2,Slingshot,True,34,WBGene00022144,pghm-1,0.4952012011376133,0.4952012011376133,0.5603572861035232,2.6923359241642867e-81,0.8533437122540379
Selection 2,Slingshot,True,35,WBGene00010864,xbx-3,0.4903222045715442,0.4903222045715442,0.5575823518893278,2.470543997203925e-80,0.8533437122540379
Selection 2,Slingshot,True,36,WBGene00006063,sto-1,-0.4830912694817887,-0.4830912694817887,-0.574864101760675,1.667223186150889e-86,0.8533437122540379
Selection 2,Monocle3 global,True,1,WBGene00007883,C33A12.4,0.8356265479444619,0.8356265479444619,0.8201714768305693,3.429493129977408e-239,0.8553029528585965
Selection 2,Monocle3 global,True,2,WBGene00002253,lbp-1,-0.8198022695283009,-0.8198022695283009,-0.7597997729267906,1.953909579516003e-184,0.8553029528585965
Selection 2,Monocle3 global,True,3,WBGene00001898,his-24,-0.7970503380483802,-0.7970503380483802,-0.7430778453154402,4.3770865821041806e-172,0.8553029528585965
Selection 2,Monocle3 global,True,4,WBGene00016088,clec-266,-0.7538295779659488,-0.7538295779659488,-0.6489367538224703,2.5229090807143904e-117,0.8553029528585965
Selection 2,Monocle3 global,True,5,WBGene00001858,hil-7,0.7504148964023868,0.7504148964023868,0.6695274758763812,1.2340794334259956e-127,0.8553029528585965
Selection 2,Monocle3 global,True,6,WBGene00007934,C34E7.4,-0.7289791057745593,-0.7289791057745593,-0.6386392588133064,1.7222367909004506e-112,0.8553029528585965
Selection 2,Monocle3 global,True,7,WBGene00010647,K08C7.4,0.7166745099727477,0.7166745099727477,0.7181029477115081,2.446308312332907e-155,0.8553029528585965
Selection 2,Monocle3 global,True,8,WBGene00020772,T24E12.2,0.6952545922248315,0.6952545922248315,0.5693352380610989,2.501042366761408e-84,0.8553029528585965
Selection 2,Monocle3 global,True,9,WBGene00009156,clec-196,-0.6589553909894867,-0.6589553909894867,-0.6020670428842491,8.860370495417185e-97,0.8553029528585965
Selection 2,Monocle3 global,True,10,WBGene00001854,hil-3,-0.6392695978400614,-0.6392695978400614,-0.5835242036836829,1.527360947325838e-89,0.8553029528585965
Selection 2,Monocle3 global,True,11,WBGene00008066,fbxb-65,-0.6249370916736567,-0.6249370916736567,-0.563420929239941,3.295132700737984e-82,0.8553029528585965
Selection 2,Monocle3 global,True,12,WBGene00004207,ptb-1,0.6236396365193242,0.6236396365193242,0.6697863544470226,9.59006405098283e-128,0.8553029528585965
Selection 2,Monocle3 global,True,13,WBGene00012616,dct-14,0.6202545212760455,0.6202545212760455,0.6130627251043945,2.5848003517084646e-101,0.8553029528585965
Selection 2,Monocle3 global,True,14,WBGene00000503,cht-1,-0.6188897804572127,-0.6188897804572127,-0.524813714032266,2.0572003238499408e-69,0.8553029528585965
Selection 2,Monocle3 global,True,15,WBGene00016297,fbxc-15,0.6121572647958399,0.6121572647958399,0.5489675438302543,3.2308293314418035e-77,0.8553029528585965
Selection 2,Monocle3 global,True,16,WBGene00016397,maph-9,0.6115233071473402,0.6115233071473402,0.5916327692925542,1.2609692513919793e-92,0.8553029528585965
Selection 2,Monocle3 global,True,17,WBGene00011545,T06G6.3,0.6069166800363553,0.6069166800363553,0.5928476684880337,4.279541504057492e-93,0.8553029528585965
Selection 2,Monocle3 global,True,18,WBGene00002255,lbp-3,-0.6053952122380699,-0.6053952122380699,-0.5461058976107829,2.9208233381286924e-76,0.8553029528585965
Selection 2,Monocle3 global,True,19,WBGene00249817,F42G8.19,0.6037113347379015,0.6037113347379015,0.6169305644222859,6.425259111563986e-103,0.8553029528585965
Selection 2,Monocle3 global,True,20,WBGene00044020,ZK856.14,0.5984266307978833,0.5984266307978833,0.589390205370131,9.13652480320538e-92,0.8553029528585965
Selection 2,Monocle3 global,True,21,WBGene00021911,Y55B1BR.1,0.5876471782305159,0.5876471782305159,0.5720131334894867,2.7806267932624547e-85,0.8553029528585965
Selection 2,Monocle3 global,True,22,WBGene00044387,C27A2.8,0.5817137593625114,0.5817137593625114,0.586255560450188,1.4762245711236508e-90,0.8553029528585965
Selection 2,Monocle3 global,True,23,WBGene00022295,cng-2,0.5792020144709612,0.5792020144709612,0.5784066285300161,1.3083246223375873e-87,0.8553029528585965
Selection 2,Monocle3 global,True,24,WBGene00017985,neg-1,0.5707970164807449,0.5707970164807449,0.5704604602195342,1.0035260343292536e-84,0.8553029528585965
Selection 2,Monocle3 global,True,25,WBGene00009529,F38B2.2,0.56487375959814,0.56487375959814,0.538924355964062,6.5298085526282595e-74,0.8553029528585965
Selection 2,Monocle3 global,True,26,WBGene00010236,F58B4.3,0.5557764333964569,0.5557764333964569,0.5605618338488016,3.2659875365216677e-81,0.8553029528585965
Selection 2,Monocle3 global,True,27,WBGene00003377,mls-2,0.5399898178932975,0.5399898178932975,0.577550205181792,2.641431502641491e-87,0.8553029528585965
Selection 2,Monocle3 global,True,28,WBGene00194689,Y38H6C.24,0.5198215035868353,0.5198215035868353,0.5125005115851871,1.1640149513658224e-65,0.8553029528585965
Selection 2,Monocle3 global,True,29,WBGene00016016,C23G10.10,0.5197606543018988,0.5197606543018988,0.5165554112047177,7.112127041714472e-67,0.8553029528585965
Selection 2,Monocle3 global,True,30,WBGene00016328,pde-5,0.5008370042495663,0.5008370042495663,0.5129868723700942,8.399324997953464e-66,0.8553029528585965
Selection 2,Monocle3 global,True,31,WBGene00022144,pghm-1,0.4952012011376133,0.4952012011376133,0.5078877658228038,2.579051102967347e-64,0.8553029528585965
Selection 2,Monocle3 global,True,32,WBGene00006063,sto-1,-0.4830912694817887,-0.4830912694817887,-0.5331429448944238,4.795048259303975e-72,0.8553029528585965
Selection 2,Monocle3 partitioned,False,1,WBGene00007883,C33A12.4,0.8356265479444619,0.8356265479444619,-0.2268448503635729,8.500785372826211e-11,0.048977735004910955
Selection 2,Monocle3 partitioned,False,2,WBGene00001858,hil-7,0.7504148964023868,0.7504148964023868,0.2230423757323908,1.9645865538049175e-10,0.048977735004910955
Selection 2,Monocle3 partitioned,False,3,WBGene00007934,C34E7.4,-0.7289791057745593,-0.7289791057745593,-0.27983850532225957,1.241575781130097e-16,0.048977735004910955
Selection 2,Monocle3 partitioned,False,4,WBGene00010647,K08C7.4,0.7166745099727477,0.7166745099727477,-0.3716706432204698,2.3504193265749557e-30,0.048977735004910955
Selection 2,Monocle3 partitioned,False,5,WBGene00009156,clec-196,-0.6589553909894867,-0.6589553909894867,-0.20197722855761593,1.6150976653133115e-08,0.048977735004910955
Selection 2,Monocle3 partitioned,False,6,WBGene00001854,hil-3,-0.6392695978400614,-0.6392695978400614,0.2216633567360873,2.5762255639793807e-10,0.048977735004910955
Selection 2,Monocle3 partitioned,False,7,WBGene00004207,ptb-1,0.6236396365193242,0.6236396365193242,-0.34201694759441087,2.6363605907284123e-25,0.048977735004910955
Selection 2,Monocle3 partitioned,False,8,WBGene00012616,dct-14,0.6202545212760455,0.6202545212760455,-0.2989306678618003,5.133316963586562e-19,0.048977735004910955
Selection 2,Monocle3 partitioned,False,9,WBGene00016397,maph-9,0.6115233071473402,0.6115233071473402,-0.2022094052757427,1.5847762392072888e-08,0.048977735004910955
Selection 2,Monocle3 partitioned,False,10,WBGene00011545,T06G6.3,0.6069166800363553,0.6069166800363553,-0.2666437956340191,4.9635698409568105e-15,0.048977735004910955
Selection 2,Monocle3 partitioned,False,11,WBGene00002255,lbp-3,-0.6053952122380699,-0.6053952122380699,-0.2275928472009623,7.316269888942991e-11,0.048977735004910955
Selection 2,Monocle3 partitioned,False,12,WBGene00249817,F42G8.19,0.6037113347379015,0.6037113347379015,-0.27220444150677325,1.1327919790777836e-15,0.048977735004910955
Selection 2,Monocle3 partitioned,False,13,WBGene00044020,ZK856.14,0.5984266307978833,0.5984266307978833,-0.25043369923149505,3.3229637979057005e-13,0.048977735004910955
Selection 2,Monocle3 partitioned,False,14,WBGene00021911,Y55B1BR.1,0.5876471782305159,0.5876471782305159,-0.27786547754379987,2.1678090935194293e-16,0.048977735004910955
Selection 2,Monocle3 partitioned,False,15,WBGene00044387,C27A2.8,0.5817137593625114,0.5817137593625114,-0.21239242803815742,1.906182933789915e-09,0.048977735004910955
Selection 2,Monocle3 partitioned,False,16,WBGene00022295,cng-2,0.5792020144709612,0.5792020144709612,-0.2400660186975091,3.774925209683755e-12,0.048977735004910955
Selection 2,Monocle3 partitioned,False,17,WBGene00017985,neg-1,0.5707970164807449,0.5707970164807449,-0.31102705080417015,1.125926108975614e-20,0.048977735004910955
Selection 2,Monocle3 partitioned,False,18,WBGene00009529,F38B2.2,0.56487375959814,0.56487375959814,-0.25172549786181253,2.4331159163054376e-13,0.048977735004910955
Selection 2,Monocle3 partitioned,False,19,WBGene00010236,F58B4.3,0.5557764333964569,0.5557764333964569,-0.24175254706231797,2.620314325758123e-12,0.048977735004910955
Selection 2,Monocle3 partitioned,False,20,WBGene00194689,Y38H6C.24,0.5198215035868353,0.5198215035868353,-0.22575390808401366,1.0731081560740446e-10,0.048977735004910955
Selection 2,Monocle3 partitioned,False,21,WBGene00016016,C23G10.10,0.5197606543018988,0.5197606543018988,-0.23489686143807115,1.308053383911471e-11,0.048977735004910955
Selection 2,Monocle3 partitioned,False,22,WBGene00219421,Y66D12A.30,0.5128745847755597,0.5128745847755597,-0.24170132052836982,2.620314325758123e-12,0.048977735004910955
Selection 2,Monocle3 partitioned,False,23,WBGene00219300,W10G6.6,0.5050873031113999,0.5050873031113999,-0.2626195131311324,1.5200116453808425e-14,0.048977735004910955
Selection 2,Monocle3 partitioned,False,24,WBGene00016328,pde-5,0.5008370042495663,0.5008370042495663,-0.2925105183437672,2.9952781382483934e-18,0.048977735004910955
Selection 2,Monocle3 partitioned,False,25,WBGene00017411,F13A2.2,0.4982701379908153,0.4982701379908153,-0.2904756385262177,5.441953132723437e-18,0.048977735004910955
Selection 2,Monocle3 partitioned,False,26,WBGene00269432,ZC132.11,0.4859322624117085,0.4859322624117085,-0.22649484205703638,9.111263039577626e-11,0.048977735004910955
Selection 2,Monocle3 partitioned,False,27,WBGene00006063,sto-1,-0.4830912694817887,-0.4830912694817887,0.5022784577130028,1.1319283901504707e-60,0.048977735004910955
Selection 2,Monocle3 partitioned,False,28,WBGene00007058,dmd-6,0.4814143521696249,0.4814143521696249,-0.23128189614410444,3.061076005495405e-11,0.048977735004910955
Selection 2,Monocle3 partitioned,False,29,WBGene00016254,fbxb-114,0.4753009371883336,0.4753009371883336,-0.2118502220738216,2.1288226578100376e-09,0.048977735004910955
Selection 2,Monocle3 partitioned,False,30,WBGene00044238,C30H6.12,0.461767406987954,0.461767406987954,-0.20170239741733703,1.6957534437135336e-08,0.048977735004910955
Selection 2,Monocle3 partitioned,False,31,WBGene00009716,F44G4.7,0.4606737246402992,0.4606737246402992,-0.20707561504837416,5.946822959439161e-09,0.048977735004910955
Selection 2,Monocle3 partitioned,False,32,WBGene00016321,tppp-1,0.4589077830749194,0.4589077830749194,-0.22216887867467064,2.382692720991738e-10,0.048977735004910955
Selection 2,Monocle3 partitioned,False,33,WBGene00044419,fbxc-17,0.4543030122929026,0.4543030122929026,-0.2293741518994925,4.815020490055611e-11,0.048977735004910955
Selection 2,Monocle3 partitioned,False,34,WBGene00010102,F55C9.5,-0.4511330713567222,-0.4511330713567222,-0.20216047330018241,1.5849689912249137e-08,0.048977735004910955
Selection 2,Monocle3 partitioned,False,35,WBGene00017900,F28E10.1,0.4484577568201127,0.4484577568201127,-0.24784665456149826,6.206945378578864e-13,0.048977735004910955
Selection 2,Monocle3 partitioned,False,36,WBGene00007253,C01H6.3,0.4481208342714723,0.4481208342714723,-0.23724420700445809,7.356477691467962e-12,0.048977735004910955
Selection 2,Monocle3 partitioned,False,37,WBGene00005655,srr-4,0.441956374451567,0.441956374451567,-0.22515421575501784,1.2212762865464935e-10,0.048977735004910955
Selection 2,Monocle3 partitioned,False,38,WBGene00010100,F55C9.3,-0.4278081064562549,-0.4278081064562549,-0.2431202818699446,1.9251370868451124e-12,0.048977735004910955
Selection 2,Monocle3 partitioned,False,39,WBGene00006428,tkr-3,0.3766050290162152,0.3766050290162152,-0.20598064224565088,7.312479485085217e-09,0.048977735004910955
Selection 2,Monocle3 partitioned,False,40,WBGene00018352,fbxc-20,0.3649201695268896,0.3649201695268896,0.2716040940048909,1.3006022493082122e-15,0.048977735004910955
Selection 2,Monocle3 partitioned,False,41,WBGene00016979,C56G2.4,0.3438336573460445,0.3438336573460445,-0.2435932823583497,1.7376754321557758e-12,0.048977735004910955
Selection 3,PAGA/DPT,True,1,WBGene00007883,C33A12.4,0.8567820659020382,0.8567820659020382,0.9061525567532075,3.9581269645753435e-178,0.9888714085627963
Selection 3,PAGA/DPT,True,2,WBGene00002085,ins-2,-0.8473933642588372,-0.8473933642588372,-0.7598857007849333,2.8675863514333187e-89,0.9888714085627963
Selection 3,PAGA/DPT,True,3,WBGene00000468,ces-1,-0.8426169526859847,-0.8426169526859847,-0.8308563828494681,2.2449829574041196e-121,0.9888714085627963
Selection 3,PAGA/DPT,True,4,WBGene00045386,C02B4.4,0.8423939794455813,0.8423939794455813,0.9285987411854936,3.625467815620745e-205,0.9888714085627963
Selection 3,PAGA/DPT,True,5,WBGene00016114,flp-27,0.796130915478436,0.796130915478436,0.868045595005632,4.207733052722101e-145,0.9888714085627963
Selection 3,PAGA/DPT,True,6,WBGene00003890,osm-10,0.7776495410318249,0.7776495410318249,0.8720932166752063,5.89058703995785e-148,0.9888714085627963
Selection 3,PAGA/DPT,True,7,WBGene00010848,M04B2.6,0.7748572582096437,0.7748572582096437,0.8708697691503239,3.98002025572661e-147,0.9888714085627963
Selection 3,PAGA/DPT,True,8,WBGene00001898,his-24,-0.7686386496892744,-0.7686386496892744,-0.6992348791926508,1.367675836556008e-69,0.9888714085627963
Selection 3,PAGA/DPT,True,9,WBGene00019324,K02F2.5,0.7535032561463731,0.7535032561463731,0.823041754532688,3.756861342836996e-117,0.9888714085627963
Selection 3,PAGA/DPT,True,10,WBGene00235158,Y37E3.30,-0.7252350196876678,-0.7252350196876678,-0.6617245888119766,8.064253485872211e-60,0.9888714085627963
Selection 3,PAGA/DPT,True,11,WBGene00017671,pgal-1,0.722529761166961,0.722529761166961,0.8144892945382327,9.380727834668779e-113,0.9888714085627963
Selection 3,PAGA/DPT,True,12,WBGene00022144,pghm-1,0.7158217926270573,0.7158217926270573,0.7596355275201947,3.3914646331601174e-89,0.9888714085627963
Selection 3,PAGA/DPT,True,13,WBGene00249817,F42G8.19,0.7113451736001233,0.7113451736001233,0.7732002271114831,2.3751020493894563e-94,0.9888714085627963
Selection 3,PAGA/DPT,True,14,WBGene00004207,ptb-1,0.7016811948998747,0.7016811948998747,0.735152344218163,1.2681352160288036e-80,0.9888714085627963
Selection 3,PAGA/DPT,True,15,WBGene00001854,hil-3,-0.6929824162320763,-0.6929824162320763,-0.5938914831309482,3.38651493536092e-45,0.9888714085627963
Selection 3,PAGA/DPT,True,16,WBGene00006063,sto-1,-0.6913021891157933,-0.6913021891157933,-0.7965751995777524,3.124167714273878e-104,0.9888714085627963
Selection 3,PAGA/DPT,True,17,WBGene00012853,Y44A6D.2,0.6830206133692848,0.6830206133692848,0.6907622948252312,2.8806923928785494e-67,0.9888714085627963
Selection 3,PAGA/DPT,True,18,WBGene00006985,zig-8,0.6747634131355175,0.6747634131355175,0.7480352732462207,5.141554220815312e-85,0.9888714085627963
Selection 3,PAGA/DPT,True,19,WBGene00011289,R102.2,0.6701998022327849,0.6701998022327849,0.7334459664628683,4.533057595922064e-80,0.9888714085627963
Selection 3,PAGA/DPT,True,20,WBGene00009901,F49E12.8,0.6497329216610847,0.6497329216610847,0.7310776721711701,2.652484560865615e-79,0.9888714085627963
Selection 3,PAGA/DPT,True,21,WBGene00012382,ttr-16,0.6489890838078151,0.6489890838078151,0.6937926036259943,4.485358863332247e-68,0.9888714085627963
Selection 3,PAGA/DPT,True,22,WBGene00002253,lbp-1,-0.6339298250380475,-0.6339298250380475,-0.61770630167313,6.589907400892888e-50,0.9888714085627963
Selection 3,PAGA/DPT,True,23,WBGene00194921,ZK742.7,0.6212801010545093,0.6212801010545093,0.704007992315569,5.868500747176909e-71,0.9888714085627963
Selection 3,PAGA/DPT,True,24,WBGene00005655,srr-4,0.6168564079774034,0.6168564079774034,0.6789427747407651,3.706614034252396e-64,0.9888714085627963
Selection 3,PAGA/DPT,True,25,WBGene00010239,F58B4.6,0.6143766559305498,0.6143766559305498,0.6698799399144215,7.915241676935264e-62,0.9888714085627963
Selection 3,PAGA/DPT,True,26,WBGene00001681,gpc-1,0.5912184432941329,0.5912184432941329,0.6425705150316057,2.6843366191523225e-55,0.9888714085627963
Selection 3,PAGA/DPT,True,27,WBGene00004921,snt-1,0.5899557442139005,0.5899557442139005,0.6641705724855074,2.0780696574851173e-60,0.9888714085627963
Selection 3,PAGA/DPT,True,28,WBGene00001989,hot-4,0.5582603396978634,0.5582603396978634,0.595703338222079,1.5342681934342896e-45,0.9888714085627963
Selection 3,PAGA/DPT,True,29,WBGene00004944,sol-1,0.5544096953998362,0.5544096953998362,0.6083830272703962,5.078338872497901e-48,0.9888714085627963
Selection 3,PAGA/DPT,True,30,WBGene00009917,glb-18,0.5527503450085158,0.5527503450085158,0.5990908257582535,3.4517192846304515e-46,0.9888714085627963
Selection 3,PAGA/DPT,True,31,WBGene00044701,AH9.6,0.5463870282629483,0.5463870282629483,0.6282310121115012,3.8629676033033194e-52,0.9888714085627963
Selection 3,PAGA/DPT,True,32,WBGene00021804,Y53G8AM.4,0.5418878602813666,0.5418878602813666,0.6144915000041735,3.028804969821541e-49,0.9888714085627963
Selection 3,PAGA/DPT,True,33,WBGene00003849,odr-2,0.5405231700172185,0.5405231700172185,0.5766011683208504,4.8826176962450174e-42,0.9888714085627963
Selection 3,PAGA/DPT,True,34,WBGene00021254,Y22D7AL.16,0.5339299261090367,0.5339299261090367,0.5804760190698044,1.042034367600082e-42,0.9888714085627963
Selection 3,PAGA/DPT,True,35,WBGene00012989,Y48C3A.5,0.5333761686701746,0.5333761686701746,0.6121080535792608,9.104212531258997e-49,0.9888714085627963
Selection 3,PAGA/DPT,True,36,WBGene00020854,T27C4.1,0.5295880101801128,0.5295880101801128,0.5656219695384967,4.095216312023858e-40,0.9888714085627963
Selection 3,PAGA/DPT,True,37,WBGene00010592,K06A4.2,0.5218477450826966,0.5218477450826966,0.5764819471112488,5.073900682681082e-42,0.9888714085627963
Selection 3,PAGA/DPT,True,38,WBGene00269432,ZC132.11,0.5085023492927961,0.5085023492927961,0.5786746069329417,2.147027528347636e-42,0.9888714085627963
Selection 3,PAGA/DPT,True,39,WBGene00005246,srh-21,0.5080338373719764,0.5080338373719764,0.5883779346620671,3.7059351207239577e-44,0.9888714085627963
Selection 3,PAGA/DPT,True,40,WBGene00012016,inpp-1,0.5057770178262726,0.5057770178262726,0.554015066006194,3.727007782016993e-38,0.9888714085627963
Selection 3,PAGA/DPT,True,41,WBGene00009799,lgc-47,0.4893910229371136,0.4893910229371136,0.5673760212180688,2.0413852016596194e-40,0.9888714085627963
Selection 3,Slingshot,True,1,WBGene00007883,C33A12.4,0.8567820659020382,0.8567820659020382,0.8839261522371401,2.559142254936517e-157,0.9802842133754068
Selection 3,Slingshot,True,2,WBGene00002085,ins-2,-0.8473933642588372,-0.8473933642588372,-0.728034952208362,3.1551922624153423e-78,0.9802842133754068
Selection 3,Slingshot,True,3,WBGene00000468,ces-1,-0.8426169526859847,-0.8426169526859847,-0.7906669473986226,1.3939464683722531e-101,0.9802842133754068
Selection 3,Slingshot,True,4,WBGene00045386,C02B4.4,0.8423939794455813,0.8423939794455813,0.921005839474592,5.0842004860141645e-195,0.9802842133754068
Selection 3,Slingshot,True,5,WBGene00016114,flp-27,0.796130915478436,0.796130915478436,0.8413898405689819,2.71157696195559e-127,0.9802842133754068
Selection 3,Slingshot,True,6,WBGene00003890,osm-10,0.7776495410318249,0.7776495410318249,0.8402870179839799,1.0369320097846368e-126,0.9802842133754068
Selection 3,Slingshot,True,7,WBGene00010848,M04B2.6,0.7748572582096437,0.7748572582096437,0.8624124732715531,7.142168147599609e-141,0.9802842133754068
Selection 3,Slingshot,True,8,WBGene00001898,his-24,-0.7686386496892744,-0.7686386496892744,-0.7007083552610892,5.321269350145868e-70,0.9802842133754068
Selection 3,Slingshot,True,9,WBGene00019324,K02F2.5,0.7535032561463731,0.7535032561463731,0.817584443085858,3.0772727596071152e-114,0.9802842133754068
Selection 3,Slingshot,True,10,WBGene00235158,Y37E3.30,-0.7252350196876678,-0.7252350196876678,-0.6414288443050169,5.275348123372856e-55,0.9802842133754068
Selection 3,Slingshot,True,11,WBGene00017671,pgal-1,0.722529761166961,0.722529761166961,0.798467056009612,5.09223653565819e-105,0.9802842133754068
Selection 3,Slingshot,True,12,WBGene00022144,pghm-1,0.7158217926270573,0.7158217926270573,0.7532057159790586,8.514782844720195e-87,0.9802842133754068
Selection 3,Slingshot,True,13,WBGene00249817,F42G8.19,0.7113451736001233,0.7113451736001233,0.7579973219893213,1.826341864930248e-88,0.9802842133754068
Selection 3,Slingshot,True,14,WBGene00004207,ptb-1,0.7016811948998747,0.7016811948998747,0.7007140172575563,5.321269350145868e-70,0.9802842133754068
Selection 3,Slingshot,True,15,WBGene00001854,hil-3,-0.6929824162320763,-0.6929824162320763,-0.5883662100899518,3.9835350518631156e-44,0.9802842133754068
Selection 3,Slingshot,True,16,WBGene00006063,sto-1,-0.6913021891157933,-0.6913021891157933,-0.7994371847311063,2.0158984748169306e-105,0.9802842133754068
Selection 3,Slingshot,True,17,WBGene00012853,Y44A6D.2,0.6830206133692848,0.6830206133692848,0.7124631552499794,2.1237479519061178e-73,0.9802842133754068
Selection 3,Slingshot,True,18,WBGene00006985,zig-8,0.6747634131355175,0.6747634131355175,0.7064919064059855,1.2500778781580326e-71,0.9802842133754068
Selection 3,Slingshot,True,19,WBGene00011289,R102.2,0.6701998022327849,0.6701998022327849,0.7409664139832227,1.7373019633782748e-82,0.9802842133754068
Selection 3,Slingshot,True,20,WBGene00009901,F49E12.8,0.6497329216610847,0.6497329216610847,0.691532326878731,1.810288387745742e-67,0.9802842133754068
Selection 3,Slingshot,True,21,WBGene00012382,ttr-16,0.6489890838078151,0.6489890838078151,0.6938132304281284,4.303143323538582e-68,0.9802842133754068
Selection 3,Slingshot,True,22,WBGene00002253,lbp-1,-0.6339298250380475,-0.6339298250380475,-0.6355626728444749,1.0351289553674707e-53,0.9802842133754068
Selection 3,Slingshot,True,23,WBGene00194921,ZK742.7,0.6212801010545093,0.6212801010545093,0.6896335011935802,5.902173223073957e-67,0.9802842133754068
Selection 3,Slingshot,True,24,WBGene00005655,srr-4,0.6168564079774034,0.6168564079774034,0.6748057992093033,5.025323052067791e-63,0.9802842133754068
Selection 3,Slingshot,True,25,WBGene00010239,F58B4.6,0.6143766559305498,0.6143766559305498,0.6939639332490763,4.016041873004868e-68,0.9802842133754068
Selection 3,Slingshot,True,26,WBGene00001681,gpc-1,0.5912184432941329,0.5912184432941329,0.6578818108593705,7.4625679937691235e-59,0.9802842133754068
Selection 3,Slingshot,True,27,WBGene00004921,snt-1,0.5899557442139005,0.5899557442139005,0.6521255230366381,1.7328963767757319e-57,0.9802842133754068
Selection 3,Slingshot,True,28,WBGene00001989,hot-4,0.5582603396978634,0.5582603396978634,0.5714181056034748,4.757979701615187e-41,0.9802842133754068
Selection 3,Slingshot,True,29,WBGene00004944,sol-1,0.5544096953998362,0.5544096953998362,0.6293852777171038,2.3543620749495665e-52,0.9802842133754068
Selection 3,Slingshot,True,30,WBGene00009917,glb-18,0.5527503450085158,0.5527503450085158,0.6273980441302723,6.1566310499599686e-52,0.9802842133754068
Selection 3,Slingshot,True,31,WBGene00044701,AH9.6,0.5463870282629483,0.5463870282629483,0.5947863865213349,2.5111329172725283e-45,0.9802842133754068
Selection 3,Slingshot,True,32,WBGene00021804,Y53G8AM.4,0.5418878602813666,0.5418878602813666,0.5783060386325055,2.770243418339527e-42,0.9802842133754068
Selection 3,Slingshot,True,33,WBGene00003849,odr-2,0.5405231700172185,0.5405231700172185,0.5469712771200458,5.653348914826683e-37,0.9802842133754068
Selection 3,Slingshot,True,34,WBGene00021254,Y22D7AL.16,0.5339299261090367,0.5339299261090367,0.6011787747492411,1.4854600126460087e-46,0.9802842133754068
Selection 3,Slingshot,True,35,WBGene00012989,Y48C3A.5,0.5333761686701746,0.5333761686701746,0.5639615943273489,9.020727377354431e-40,0.9802842133754068
Selection 3,Slingshot,True,36,WBGene00020854,T27C4.1,0.5295880101801128,0.5295880101801128,0.5911510272045176,1.214563994379716e-44,0.9802842133754068
Selection 3,Slingshot,True,37,WBGene00010592,K06A4.2,0.5218477450826966,0.5218477450826966,0.5617096543325487,2.1841922273617304e-39,0.9802842133754068
Selection 3,Slingshot,True,38,WBGene00269432,ZC132.11,0.5085023492927961,0.5085023492927961,0.5557709718632556,2.097368016807536e-38,0.9802842133754068
Selection 3,Slingshot,True,39,WBGene00044144,M153.4,0.5027813113601478,0.5027813113601478,0.5588883467146928,6.419959600800889e-39,0.9802842133754068
Selection 3,Slingshot,True,40,WBGene00194909,F41E6.17,0.4991523708792919,0.4991523708792919,0.5704212092460895,7.06240750646563e-41,0.9802842133754068
Selection 3,Slingshot,True,41,WBGene00022063,Y67D8B.4,0.4955867747968342,0.4955867747968342,0.5512391493827251,1.1651522217707066e-37,0.9802842133754068
Selection 3,Slingshot,True,42,WBGene00003642,nhr-52,0.4924239015972302,0.4924239015972302,0.5561579550463385,1.8246443772021817e-38,0.9802842133754068
Selection 3,Slingshot,True,43,WBGene00001242,elo-4,0.4823935725517513,0.4823935725517513,0.5532944609870618,5.349491906109939e-38,0.9802842133754068
Selection 3,Monocle3 global,True,1,WBGene00007883,C33A12.4,0.8567820659020382,0.8567820659020382,0.8717339155852089,1.1047908258993267e-147,0.928216288767586
Selection 3,Monocle3 global,True,2,WBGene00002085,ins-2,-0.8473933642588372,-0.8473933642588372,-0.6583890028159124,8.341193245620573e-59,0.928216288767586
Selection 3,Monocle3 global,True,3,WBGene00000468,ces-1,-0.8426169526859847,-0.8426169526859847,-0.7735294143312652,2.334079313670252e-94,0.928216288767586
Selection 3,Monocle3 global,True,4,WBGene00045386,C02B4.4,0.8423939794455813,0.8423939794455813,0.9182776389743054,1.27484159510129e-191,0.928216288767586
Selection 3,Monocle3 global,True,5,WBGene00016114,flp-27,0.796130915478436,0.796130915478436,0.8882805602965138,4.50249838730454e-161,0.928216288767586
Selection 3,Monocle3 global,True,6,WBGene00003890,osm-10,0.7776495410318249,0.7776495410318249,0.8421212446776918,9.80771672570015e-128,0.928216288767586
Selection 3,Monocle3 global,True,7,WBGene00010848,M04B2.6,0.7748572582096437,0.7748572582096437,0.8104627837603534,1.2079160659678459e-110,0.928216288767586
Selection 3,Monocle3 global,True,8,WBGene00001898,his-24,-0.7686386496892744,-0.7686386496892744,-0.6204439933467689,2.434145117277469e-50,0.928216288767586
Selection 3,Monocle3 global,True,9,WBGene00019324,K02F2.5,0.7535032561463731,0.7535032561463731,0.7580426368715166,1.8737758757393295e-88,0.928216288767586
Selection 3,Monocle3 global,True,10,WBGene00235158,Y37E3.30,-0.7252350196876678,-0.7252350196876678,-0.5920122342046142,9.869963365625532e-45,0.928216288767586
Selection 3,Monocle3 global,True,11,WBGene00017671,pgal-1,0.722529761166961,0.722529761166961,0.7460956459072382,3.7437464264097274e-84,0.928216288767586
Selection 3,Monocle3 global,True,12,WBGene00022144,pghm-1,0.7158217926270573,0.7158217926270573,0.6983433644493073,2.798830643248268e-69,0.928216288767586
Selection 3,Monocle3 global,True,13,WBGene00249817,F42G8.19,0.7113451736001233,0.7113451736001233,0.7238603086805068,7.218374167004313e-77,0.928216288767586
Selection 3,Monocle3 global,True,14,WBGene00004207,ptb-1,0.7016811948998747,0.7016811948998747,0.7340464760753372,4.2174311513423164e-80,0.928216288767586
Selection 3,Monocle3 global,True,15,WBGene00006063,sto-1,-0.6913021891157933,-0.6913021891157933,-0.7774483772611585,7.1190321729458496e-96,0.928216288767586
Selection 3,Monocle3 global,True,16,WBGene00012853,Y44A6D.2,0.6830206133692848,0.6830206133692848,0.568482932638095,1.7574276748193147e-40,0.928216288767586
Selection 3,Monocle3 global,True,17,WBGene00006985,zig-8,0.6747634131355175,0.6747634131355175,0.7914799792749517,8.122648333689869e-102,0.928216288767586
Selection 3,Monocle3 global,True,18,WBGene00011289,R102.2,0.6701998022327849,0.6701998022327849,0.6604168839455168,2.748123445666459e-59,0.928216288767586
Selection 3,Monocle3 global,True,19,WBGene00009901,F49E12.8,0.6497329216610847,0.6497329216610847,0.7627158375115464,3.46934166813034e-90,0.928216288767586
Selection 3,Monocle3 global,True,20,WBGene00012382,ttr-16,0.6489890838078151,0.6489890838078151,0.6228248068889483,7.945585561025005e-51,0.928216288767586
Selection 3,Monocle3 global,True,21,WBGene00002253,lbp-1,-0.6339298250380475,-0.6339298250380475,-0.589306238414006,3.1231078927453214e-44,0.928216288767586
Selection 3,Monocle3 global,True,22,WBGene00194921,ZK742.7,0.6212801010545093,0.6212801010545093,0.6165944078182221,1.5001032708973548e-49,0.928216288767586
Selection 3,Monocle3 global,True,23,WBGene00005655,srr-4,0.6168564079774034,0.6168564079774034,0.6762595943471048,2.781632522146046e-63,0.928216288767586
Selection 3,Monocle3 global,True,24,WBGene00010239,F58B4.6,0.6143766559305498,0.6143766559305498,0.5798936761310793,1.6606430232089634e-42,0.928216288767586
Selection 3,Monocle3 global,True,25,WBGene00001681,gpc-1,0.5912184432941329,0.5912184432941329,0.5673400547442978,2.7518404278869958e-40,0.928216288767586
Selection 3,Monocle3 global,True,26,WBGene00004921,snt-1,0.5899557442139005,0.5899557442139005,0.6058724261965447,2.1609344022037238e-47,0.928216288767586
Selection 3,Monocle3 global,True,27,WBGene00001989,hot-4,0.5582603396978634,0.5582603396978634,0.6550736079874805,5.1311471697255876e-58,0.928216288767586
Selection 3,Monocle3 global,True,28,WBGene00004944,sol-1,0.5544096953998362,0.5544096953998362,0.5409203105139071,6.484146322952525e-36,0.928216288767586
Selection 3,Monocle3 global,True,29,WBGene00009917,glb-18,0.5527503450085158,0.5527503450085158,0.537015285734621,2.592324767316353e-35,0.928216288767586
Selection 3,Monocle3 global,True,30,WBGene00044701,AH9.6,0.5463870282629483,0.5463870282629483,0.5637805789112732,1.1178569560897801e-39,0.928216288767586
Selection 3,Monocle3 global,True,31,WBGene00021804,Y53G8AM.4,0.5418878602813666,0.5418878602813666,0.6009038902450924,2.0258592197449398e-46,0.928216288767586
Selection 3,Monocle3 global,True,32,WBGene00003849,odr-2,0.5405231700172185,0.5405231700172185,0.5531586742130565,7.103889305388534e-38,0.928216288767586
Selection 3,Monocle3 global,True,33,WBGene00012989,Y48C3A.5,0.5333761686701746,0.5333761686701746,0.608680964261451,5.97920812724381e-48,0.928216288767586
Selection 3,Monocle3 global,True,34,WBGene00019988,R09F10.5,0.5300377269609629,0.5300377269609629,0.5320191358482338,1.526294539642923e-34,0.928216288767586
Selection 3,Monocle3 global,True,35,WBGene00010592,K06A4.2,0.5218477450826966,0.5218477450826966,0.5473831244223213,6.018208878434949e-37,0.928216288767586
Selection 3,Monocle3 global,True,36,WBGene00005246,srh-21,0.5080338373719764,0.5080338373719764,0.5519656913710922,1.108510505663325e-37,0.928216288767586
Selection 3,Monocle3 global,True,37,WBGene00012016,inpp-1,0.5057770178262726,0.5057770178262726,0.5305341364347171,2.531018582533128e-34,0.928216288767586
Selection 3,Monocle3 global,True,38,WBGene00022842,ZK994.6,0.4929650161195044,0.4929650161195044,0.5279811545288018,6.089816148627431e-34,0.928216288767586
Selection 3,Monocle3 global,True,39,WBGene00011899,T21C12.3,0.487032552639032,0.487032552639032,0.5670192469423312,3.0884577748690985e-40,0.928216288767586
Selection 3,Monocle3 global,True,40,WBGene00045247,F54H12.8,0.4571802475762151,0.4571802475762151,0.5418471823177287,4.658333442316045e-36,0.928216288767586
Selection 3,Monocle3 global,True,41,WBGene00007253,C01H6.3,0.4419128954950447,0.4419128954950447,0.5309974022547401,2.1760193225530373e-34,0.928216288767586
Selection 3,Monocle3 partitioned,False,1,WBGene00007883,C33A12.4,0.8567820659020382,-0.8567820659020382,-0.6231050276912687,2.3434081628924e-50,-0.4300744530852295
Selection 3,Monocle3 partitioned,False,2,WBGene00000468,ces-1,-0.8426169526859847,0.8426169526859847,0.5308100411459191,7.669631176528304e-34,-0.4300744530852295
Selection 3,Monocle3 partitioned,False,3,WBGene00045386,C02B4.4,0.8423939794455813,-0.8423939794455813,-0.7449710769366165,1.4872175046057335e-82,-0.4300744530852295
Selection 3,Monocle3 partitioned,False,4,WBGene00016114,flp-27,0.796130915478436,-0.796130915478436,-0.7318547536150433,2.1339708821063073e-78,-0.4300744530852295
Selection 3,Monocle3 partitioned,False,5,WBGene00003890,osm-10,0.7776495410318249,-0.7776495410318249,-0.6750094072927075,3.0405158693433555e-62,-0.4300744530852295
Selection 3,Monocle3 partitioned,False,6,WBGene00010848,M04B2.6,0.7748572582096437,-0.7748572582096437,-0.6246034766984994,1.213028237295592e-50,-0.4300744530852295
Selection 3,Monocle3 partitioned,False,7,WBGene00019324,K02F2.5,0.7535032561463731,-0.7535032561463731,-0.5565981797890268,6.218730288419974e-38,-0.4300744530852295
Selection 3,Monocle3 partitioned,False,8,WBGene00017671,pgal-1,0.722529761166961,-0.722529761166961,-0.5708297840762071,2.589704066684418e-40,-0.4300744530852295
Selection 3,Monocle3 partitioned,False,9,WBGene00022144,pghm-1,0.7158217926270573,-0.7158217926270573,-0.4974178247111683,4.380244638352038e-29,-0.4300744530852295
Selection 3,Monocle3 partitioned,False,10,WBGene00249817,F42G8.19,0.7113451736001233,-0.7113451736001233,-0.5371005259483586,8.215380378376639e-35,-0.4300744530852295
Selection 3,Monocle3 partitioned,False,11,WBGene00004207,ptb-1,0.7016811948998747,-0.7016811948998747,-0.5300955682382735,9.543916838331636e-34,-0.4300744530852295
Selection 3,Monocle3 partitioned,False,12,WBGene00006063,sto-1,-0.6913021891157933,0.6913021891157933,0.659409356113551,1.9399427000985035e-58,-0.4300744530852295
Selection 3,Monocle3 partitioned,False,13,WBGene00006985,zig-8,0.6747634131355175,-0.6747634131355175,-0.7046551954266151,3.035661508505733e-70,-0.4300744530852295
Selection 3,Monocle3 partitioned,False,14,WBGene00011289,R102.2,0.6701998022327849,-0.6701998022327849,-0.4647811946938572,6.899999966425244e-25,-0.4300744530852295
Selection 3,Monocle3 partitioned,False,15,WBGene00009901,F49E12.8,0.6497329216610847,-0.6497329216610847,-0.6532550215386945,5.285181133199403e-57,-0.4300744530852295
Selection 3,Monocle3 partitioned,False,16,WBGene00012382,ttr-16,0.6489890838078151,-0.6489890838078151,-0.4279417384030657,1.13490356822323e-20,-0.4300744530852295
Selection 3,Monocle3 partitioned,False,17,WBGene00194921,ZK742.7,0.6212801010545093,-0.6212801010545093,-0.4376990785559964,1.0663104407565985e-21,-0.4300744530852295
Selection 3,Monocle3 partitioned,False,18,WBGene00005655,srr-4,0.6168564079774034,-0.6168564079774034,-0.5512143081156706,4.756265001162389e-37,-0.4300744530852295
Selection 3,Monocle3 partitioned,False,19,WBGene00010239,F58B4.6,0.6143766559305498,-0.6143766559305498,-0.39224110645691046,4.871745713874504e-17,-0.4300744530852295
Selection 3,Monocle3 partitioned,False,20,WBGene00001681,gpc-1,0.5912184432941329,-0.5912184432941329,-0.3802609728310594,6.361618568043715e-16,-0.4300744530852295
Selection 3,Monocle3 partitioned,False,21,WBGene00004921,snt-1,0.5899557442139005,-0.5899557442139005,-0.46535983243362733,5.966673121671513e-25,-0.4300744530852295
Selection 3,Monocle3 partitioned,False,22,WBGene00001989,hot-4,0.5582603396978634,-0.5582603396978634,-0.5476473293502884,1.7700650354471296e-36,-0.4300744530852295
Selection 3,Monocle3 partitioned,False,23,WBGene00004944,sol-1,0.5544096953998362,-0.5544096953998362,-0.3674891552448378,7.771170292778654e-15,-0.4300744530852295
Selection 3,Monocle3 partitioned,False,24,WBGene00044701,AH9.6,0.5463870282629483,-0.5463870282629483,-0.43006576682826037,6.820425584434304e-21,-0.4300744530852295
Selection 3,Monocle3 partitioned,False,25,WBGene00021804,Y53G8AM.4,0.5418878602813666,-0.5418878602813666,-0.5081458748166185,1.4881592578817512e-30,-0.4300744530852295
Selection 3,Monocle3 partitioned,False,26,WBGene00003849,odr-2,0.5405231700172185,-0.5405231700172185,-0.4262587142443715,1.711375428476903e-20,-0.4300744530852295
Selection 3,Monocle3 partitioned,False,27,WBGene00012989,Y48C3A.5,0.5333761686701746,-0.5333761686701746,-0.5231446541964305,1.0316733165877625e-32,-0.4300744530852295
Selection 3,Monocle3 partitioned,False,28,WBGene00019988,R09F10.5,0.5300377269609629,-0.5300377269609629,-0.37127785224335685,3.716443427991722e-15,-0.4300744530852295
Selection 3,Monocle3 partitioned,False,29,WBGene00010592,K06A4.2,0.5218477450826966,-0.5218477450826966,-0.4123048320418977,5.131342423911253e-19,-0.4300744530852295
Selection 3,Monocle3 partitioned,False,30,WBGene00269432,ZC132.11,0.5085023492927961,-0.5085023492927961,-0.37999381320712106,6.657838522966799e-16,-0.4300744530852295
Selection 3,Monocle3 partitioned,False,31,WBGene00005246,srh-21,0.5080338373719764,-0.5080338373719764,-0.4354196506018563,1.832361753321791e-21,-0.4300744530852295
Selection 3,Monocle3 partitioned,False,32,WBGene00012016,inpp-1,0.5057770178262726,-0.5057770178262726,-0.4319896351112149,4.231192121566459e-21,-0.4300744530852295
Selection 3,Monocle3 partitioned,False,33,WBGene00022842,ZK994.6,0.4929650161195044,-0.4929650161195044,-0.42799389287628176,1.13490356822323e-20,-0.4300744530852295
Selection 3,Monocle3 partitioned,False,34,WBGene00009799,lgc-47,0.4893910229371136,-0.4893910229371136,-0.37162152709128826,3.4949941513101363e-15,-0.4300744530852295
Selection 3,Monocle3 partitioned,False,35,WBGene00011899,T21C12.3,0.487032552639032,-0.487032552639032,-0.49131222840800826,2.877290235829109e-28,-0.4300744530852295
Selection 3,Monocle3 partitioned,False,36,WBGene00045247,F54H12.8,0.4571802475762151,-0.4571802475762151,-0.4788757746543473,1.2209168858850924e-26,-0.4300744530852295
Selection 3,Monocle3 partitioned,False,37,WBGene00007751,C26G2.2,0.4569943777232849,-0.4569943777232849,-0.3734028530610549,2.4815212255318882e-15,-0.4300744530852295
Selection 3,Monocle3 partitioned,False,38,WBGene00219421,Y66D12A.30,0.4530002501453921,-0.4530002501453921,-0.37473629874582715,1.8919765568605705e-15,-0.4300744530852295
Selection 3,Monocle3 partitioned,False,39,WBGene00017129,E04F6.10,0.4491020669832996,-0.4491020669832996,-0.43641998212832556,1.4368052951134468e-21,-0.4300744530852295
Selection 3,Monocle3 partitioned,False,40,WBGene00007253,C01H6.3,0.4419128954950447,-0.4419128954950447,-0.47044875152303417,1.4227930646453058e-25,-0.4300744530852295
Selection 3,Monocle3 partitioned,False,41,WBGene00003614,nhr-15,0.4175275815746344,-0.4175275815746344,-0.39721501177057555,1.6608022582110013e-17,-0.4300744530852295
Selection 3,Monocle3 partitioned,False,42,WBGene00002243,lad-2,0.4052419104591297,-0.4052419104591297,-0.4078394326524299,1.4728721369206559e-18,-0.4300744530852295
